x_m,time_s,temperature_K
0.0,0.0,500.0
0.041666666666666664,0.0,300.0
0.08333333333333333,0.0,300.0
0.125,0.0,300.0
0.16666666666666666,0.0,300.0
0.20833333333333331,0.0,300.0
0.25,0.0,300.0
0.29166666666666663,0.0,300.0
0.3333333333333333,0.0,300.0
0.375,0.0,300.0
0.41666666666666663,0.0,300.0
0.4583333333333333,0.0,300.0
0.5,0.0,300.0
0.5416666666666666,0.0,300.0
0.5833333333333333,0.0,300.0
0.625,0.0,300.0
0.6666666666666666,0.0,300.0
0.7083333333333333,0.0,300.0
0.75,0.0,300.0
0.7916666666666666,0.0,300.0
0.8333333333333333,0.0,300.0
0.875,0.0,300.0
0.9166666666666666,0.0,300.0
0.9583333333333333,0.0,300.0
1.0,0.0,300.0
0.0,2.5641025641025643,500.0
0.041666666666666664,2.5641025641025643,301.1892049908446
0.08333333333333333,2.5641025641025643,300.00353552127564
0.125,2.5641025641025643,300.0000105111488
0.16666666666666666,2.5641025641025643,300.0000000312498
0.20833333333333331,2.5641025641025643,300.00000000009294
0.25,2.5641025641025643,300.00000000000034
0.29166666666666663,2.5641025641025643,300.00000000000006
0.3333333333333333,2.5641025641025643,300.00000000000006
0.375,2.5641025641025643,300.00000000000006
0.41666666666666663,2.5641025641025643,300.00000000000006
0.4583333333333333,2.5641025641025643,300.0
0.5,2.5641025641025643,300.0
0.5416666666666666,2.5641025641025643,300.0
0.5833333333333333,2.5641025641025643,300.0
0.625,2.5641025641025643,300.0
0.6666666666666666,2.5641025641025643,300.0
0.7083333333333333,2.5641025641025643,300.0
0.75,2.5641025641025643,300.0
0.7916666666666666,2.5641025641025643,300.0
0.8333333333333333,2.5641025641025643,300.0
0.875,2.5641025641025643,300.00000000000006
0.9166666666666666,2.5641025641025643,299.99999999999994
0.9583333333333333,2.5641025641025643,300.00000000000006
1.0,2.5641025641025643,300.0
0.0,5.128205128205129,500.0
0.041666666666666664,5.128205128205129,302.3643098165535
0.08333333333333333,5.128205128205129,300.01405824516877
0.125,5.128205128205129,300.00006269300735
0.16666666666666666,5.128205128205129,300.0000002485162
0.20833333333333331,5.128205128205129,300.0000000009236
0.25,5.128205128205129,300.00000000000335
0.29166666666666663,5.128205128205129,300.0000000000001
0.3333333333333333,5.128205128205129,300.0000000000001
0.375,5.128205128205129,300.0000000000001
0.41666666666666663,5.128205128205129,300.0000000000001
0.4583333333333333,5.128205128205129,300.0
0.5,5.128205128205129,300.0
0.5416666666666666,5.128205128205129,300.0
0.5833333333333333,5.128205128205129,300.0
0.625,5.128205128205129,300.0
0.6666666666666666,5.128205128205129,300.0
0.7083333333333333,5.128205128205129,300.0
0.75,5.128205128205129,300.0
0.7916666666666666,5.128205128205129,300.0
0.8333333333333333,5.128205128205129,300.0
0.875,5.128205128205129,300.0000000000001
0.9166666666666666,5.128205128205129,299.9999999999999
0.9583333333333333,5.128205128205129,300.0000000000001
1.0,5.128205128205129,300.0
0.0,7.692307692307693,500.0
0.041666666666666664,7.692307692307693,303.5255232078837
0.08333333333333333,7.692307692307693,300.03140222996683
0.125,7.692307692307693,300.000197104596
0.16666666666666666,7.692307692307693,300.0000010179523
0.20833333333333331,7.692307692307693,300.0000000046779
0.25,7.692307692307693,300.00000000002
0.29166666666666663,7.692307692307693,300.0000000000002
0.3333333333333333,7.692307692307693,300.00000000000017
0.375,7.692307692307693,300.00000000000017
0.41666666666666663,7.692307692307693,300.00000000000017
0.4583333333333333,7.692307692307693,300.0
0.5,7.692307692307693,300.0
0.5416666666666666,7.692307692307693,300.0
0.5833333333333333,7.692307692307693,300.0
0.625,7.692307692307693,300.0
0.6666666666666666,7.692307692307693,300.0
0.7083333333333333,7.692307692307693,300.0
0.75,7.692307692307693,300.0
0.7916666666666666,7.692307692307693,300.0
0.8333333333333333,7.692307692307693,300.0
0.875,7.692307692307693,300.00000000000017
0.9166666666666666,7.692307692307693,299.99999999999983
0.9583333333333333,7.692307692307693,300.00000000000017
1.0,7.692307692307693,300.0
0.0,10.256410256410257,500.0
0.041666666666666664,10.256410256410257,304.6730504369228
0.08333333333333333,10.256410256410257,300.055404974986
0.125,10.256410256410257,300.000452849023
0.16666666666666666,10.256410256410257,300.0000029382126
0.20833333333333331,10.256410256410257,300.0000000163842
0.25,10.256410256410257,300.00000000008237
0.29166666666666663,10.256410256410257,300.00000000000057
0.3333333333333333,10.256410256410257,300.0000000000002
0.375,10.256410256410257,300.0000000000002
0.41666666666666663,10.256410256410257,300.0000000000002
0.4583333333333333,10.256410256410257,300.0
0.5,10.256410256410257,300.0
0.5416666666666666,10.256410256410257,300.0
0.5833333333333333,10.256410256410257,300.0
0.625,10.256410256410257,300.0
0.6666666666666666,10.256410256410257,300.0
0.7083333333333333,10.256410256410257,300.0
0.75,10.256410256410257,300.0
0.7916666666666666,10.256410256410257,300.0
0.8333333333333333,10.256410256410257,300.0
0.875,10.256410256410257,300.0000000000002
0.9166666666666666,10.256410256410257,299.9999999999998
0.9583333333333333,10.256410256410257,300.0000000000002
1.0,10.256410256410257,300.0
0.0,12.820512820512821,500.0
0.041666666666666664,12.820512820512821,305.8070933784719
0.08333333333333333,12.820512820512821,300.0859073507271
0.125,12.820512820512821,300.0008676123999
0.16666666666666666,12.820512820512821,300.00000682916834
0.20833333333333331,12.820512820512821,300.0000000452287
0.25,12.820512820512821,300.00000000026455
0.29166666666666663,12.820512820512821,300.00000000000165
0.3333333333333333,12.820512820512821,300.0000000000003
0.375,12.820512820512821,300.0000000000003
0.41666666666666663,12.820512820512821,300.0000000000003
0.4583333333333333,12.820512820512821,300.0
0.5,12.820512820512821,300.0
0.5416666666666666,12.820512820512821,300.0
0.5833333333333333,12.820512820512821,300.0
0.625,12.820512820512821,300.0
0.6666666666666666,12.820512820512821,300.0
0.7083333333333333,12.820512820512821,300.0
0.75,12.820512820512821,300.0
0.7916666666666666,12.820512820512821,300.0
0.8333333333333333,12.820512820512821,300.0
0.875,12.820512820512821,300.0000000000003
0.9166666666666666,12.820512820512821,299.9999999999997
0.9583333333333333,12.820512820512821,300.0000000000003
1.0,12.820512820512821,300.0
0.0,15.384615384615387,500.0
0.041666666666666664,15.384615384615387,306.92785057028766
0.08333333333333333,15.384615384615387,300.122753530452
0.125,15.384615384615387,300.00147770181655
0.16666666666666666,15.384615384615387,300.00001372099206
0.20833333333333331,15.384615384615387,300.0000001057891
0.25,15.384615384615387,300.00000000071043
0.29166666666666663,15.384615384615387,300.0000000000045
0.3333333333333333,15.384615384615387,300.00000000000034
0.375,15.384615384615387,300.00000000000034
0.41666666666666663,15.384615384615387,300.00000000000034
0.4583333333333333,15.384615384615387,300.0
0.5,15.384615384615387,300.0
0.5416666666666666,15.384615384615387,300.0
0.5833333333333333,15.384615384615387,300.0
0.625,15.384615384615387,300.0
0.6666666666666666,15.384615384615387,300.0
0.7083333333333333,15.384615384615387,300.0
0.75,15.384615384615387,300.0
0.7916666666666666,15.384615384615387,300.0
0.8333333333333333,15.384615384615387,300.0
0.875,15.384615384615387,300.00000000000034
0.9166666666666666,15.384615384615387,299.99999999999966
0.9583333333333333,15.384615384615387,300.00000000000034
1.0,15.384615384615387,300.0
0.0,17.94871794871795,500.0
0.041666666666666664,17.94871794871795,308.0355172722049
0.08333333333333333,17.94871794871795,300.1657909231515
0.125,17.94871794871795,300.0023180823987
0.16666666666666666,17.94871794871795,300.00002484360306
0.20833333333333331,17.94871794871795,300.00000021919027
0.25,17.94871794871795,300.0000000016682
0.29166666666666663,17.94871794871795,300.0000000000116
0.3333333333333333,17.94871794871795,300.0000000000004
0.375,17.94871794871795,300.0000000000004
0.41666666666666663,17.94871794871795,300.0000000000004
0.4583333333333333,17.94871794871795,300.0
0.5,17.94871794871795,300.0
0.5416666666666666,17.94871794871795,300.0
0.5833333333333333,17.94871794871795,300.0
0.625,17.94871794871795,300.0
0.6666666666666666,17.94871794871795,300.0
0.7083333333333333,17.94871794871795,300.0
0.75,17.94871794871795,300.0
0.7916666666666666,17.94871794871795,300.0
0.8333333333333333,17.94871794871795,300.0
0.875,17.94871794871795,300.0000000000004
0.9166666666666666,17.94871794871795,299.9999999999996
0.9583333333333333,17.94871794871795,300.0000000000004
1.0,17.94871794871795,300.0
0.0,20.512820512820515,500.0
0.041666666666666664,20.512820512820515,309.13028552416193
0.08333333333333333,20.512820512820515,300.21487010787683
0.125,20.512820512820515,300.0034224134676
0.16666666666666666,20.512820512820515,300.0000416164624
0.20833333333333331,20.512820512820515,300.0000004141841
0.25,20.512820512820515,300.00000000353157
0.29166666666666663,20.512820512820515,300.00000000002694
0.3333333333333333,20.512820512820515,300.00000000000057
0.375,20.512820512820515,300.00000000000045
0.41666666666666663,20.512820512820515,300.00000000000045
0.4583333333333333,20.512820512820515,300.0
0.5,20.512820512820515,300.0
0.5416666666666666,20.512820512820515,300.0
0.5833333333333333,20.512820512820515,300.0
0.625,20.512820512820515,300.0
0.6666666666666666,20.512820512820515,300.0
0.7083333333333333,20.512820512820515,300.0
0.75,20.512820512820515,300.0
0.7916666666666666,20.512820512820515,300.0
0.8333333333333333,20.512820512820515,300.0
0.875,20.512820512820515,300.00000000000045
0.9166666666666666,20.512820512820515,299.99999999999955
0.9583333333333333,20.512820512820515,300.00000000000045
1.0,20.512820512820515,300.0
0.0,23.07692307692308,500.0
0.041666666666666664,23.07692307692308,310.21234420314914
0.08333333333333333,23.07692307692308,300.26984476940567
0.125,23.07692307692308,300.00482308382453
0.16666666666666666,23.07692307692308,300.00006563870755
0.20833333333333331,23.07692307692308,300.00000072815783
0.25,23.07692307692308,300.000000006886
0.29166666666666663,23.07692307692308,300.00000000005764
0.3333333333333333,23.07692307692308,300.00000000000085
0.375,23.07692307692308,300.00000000000045
0.41666666666666663,23.07692307692308,300.00000000000045
0.4583333333333333,23.07692307692308,300.0
0.5,23.07692307692308,300.0
0.5416666666666666,23.07692307692308,300.0
0.5833333333333333,23.07692307692308,300.0
0.625,23.07692307692308,300.0
0.6666666666666666,23.07692307692308,300.0
0.7083333333333333,23.07692307692308,300.0
0.75,23.07692307692308,300.0
0.7916666666666666,23.07692307692308,300.0
0.8333333333333333,23.07692307692308,300.0
0.875,23.07692307692308,300.00000000000045
0.9166666666666666,23.07692307692308,299.9999999999995
0.9583333333333333,23.07692307692308,300.00000000000045
1.0,23.07692307692308,300.0
0.0,25.641025641025642,500.0
0.041666666666666664,25.641025641025642,311.28187907910177
0.08333333333333333,25.641025641025642,300.3305716352165
0.125,25.641025641025642,300.00655124617884
0.16666666666666666,25.641025641025642,300.0000986796182
0.20833333333333331,25.641025641025642,300.00000120807255
0.25,25.641025641025642,300.0000000125611
0.29166666666666663,25.641025641025642,300.00000000011477
0.3333333333333333,25.641025641025642,300.00000000000136
0.375,25.641025641025642,300.00000000000045
0.41666666666666663,25.641025641025642,300.00000000000045
0.4583333333333333,25.641025641025642,300.0
0.5,25.641025641025642,300.0
0.5416666666666666,25.641025641025642,300.0
0.5833333333333333,25.641025641025642,300.0
0.625,25.641025641025642,300.0
0.6666666666666666,25.641025641025642,300.0
0.7083333333333333,25.641025641025642,300.0
0.75,25.641025641025642,300.0
0.7916666666666666,25.641025641025642,300.0
0.8333333333333333,25.641025641025642,300.0
0.875,25.641025641025642,300.00000000000045
0.9166666666666666,25.641025641025642,299.99999999999943
0.9583333333333333,25.641025641025642,300.00000000000045
1.0,25.641025641025642,300.0
0.0,28.205128205128208,500.0
0.041666666666666664,28.205128205128208,312.3390728697572
0.08333333333333333,28.205128205128208,300.39691041374357
0.125,28.205128205128208,300.0086368507401
0.16666666666666666,28.205128205128208,300.00014266940207
0.20833333333333331,28.205128205128208,300.00000191133535
0.25,28.205128205128208,300.0000000216867
0.29166666666666663,28.205128205128208,300.0000000002152
0.3333333333333333,28.205128205128208,300.00000000000233
0.375,28.205128205128208,300.00000000000045
0.41666666666666663,28.205128205128208,300.00000000000045
0.4583333333333333,28.205128205128208,300.0
0.5,28.205128205128208,300.0
0.5416666666666666,28.205128205128208,300.0
0.5833333333333333,28.205128205128208,300.0
0.625,28.205128205128208,300.0
0.6666666666666666,28.205128205128208,300.0
0.7083333333333333,28.205128205128208,300.0
0.75,28.205128205128208,300.0
0.7916666666666666,28.205128205128208,300.0
0.8333333333333333,28.205128205128208,300.0
0.875,28.205128205128208,300.00000000000045
0.9166666666666666,28.205128205128208,299.9999999999994
0.9583333333333333,28.205128205128208,300.00000000000045
1.0,28.205128205128208,300.0
0.0,30.769230769230774,500.0
0.041666666666666664,30.769230769230774,313.3841052944963
0.08333333333333333,30.769230769230774,300.46872373388686
0.125,30.769230769230774,300.0111086779932
0.16666666666666666,30.769230769230774,300.0001996902935
0.20833333333333331,30.769230769230774,300.0000029066073
0.25,30.769230769230774,300.00000003575417
0.29166666666666663,30.769230769230774,300.0000000003834
0.3333333333333333,30.769230769230774,300.00000000000404
0.375,30.769230769230774,300.00000000000045
0.41666666666666663,30.769230769230774,300.00000000000045
0.4583333333333333,30.769230769230774,300.0
0.5,30.769230769230774,300.0
0.5416666666666666,30.769230769230774,300.0
0.5833333333333333,30.769230769230774,300.0
0.625,30.769230769230774,300.0
0.6666666666666666,30.769230769230774,300.0
0.7083333333333333,30.769230769230774,300.0
0.75,30.769230769230774,300.0
0.7916666666666666,30.769230769230774,300.0
0.8333333333333333,30.769230769230774,300.0
0.875,30.769230769230774,300.00000000000045
0.9166666666666666,30.769230769230774,299.9999999999993
0.9583333333333333,30.769230769230774,300.00000000000045
1.0,30.769230769230774,300.0
0.0,33.333333333333336,500.0
0.041666666666666664,33.333333333333336,314.4171531271884
0.08333333333333333,33.333333333333336,300.5458770857508
0.125,33.333333333333336,300.01399437067596
0.16666666666666666,33.333333333333336,300.00027196795435
0.20833333333333331,33.333333333333336,300.00000427455035
0.25,33.333333333333336,300.0000000566816
0.29166666666666663,33.333333333333336,300.0000000006537
0.3333333333333333,33.333333333333336,300.00000000000705
0.375,33.333333333333336,300.00000000000045
0.41666666666666663,33.333333333333336,300.00000000000045
0.4583333333333333,33.333333333333336,300.0
0.5,33.333333333333336,300.0
0.5416666666666666,33.333333333333336,300.0
0.5833333333333333,33.333333333333336,300.0
0.625,33.333333333333336,300.0
0.6666666666666666,33.333333333333336,300.0
0.7083333333333333,33.333333333333336,300.0
0.75,33.333333333333336,300.0
0.7916666666666666,33.333333333333336,300.0
0.8333333333333333,33.333333333333336,300.0
0.875,33.333333333333336,300.00000000000045
0.9166666666666666,33.333333333333336,299.99999999999926
0.9583333333333333,33.333333333333336,300.00000000000045
1.0,33.333333333333336,300.0
0.0,35.8974358974359,500.0
0.041666666666666664,35.8974358974359,315.43839024805953
0.08333333333333333,35.8974358974359,300.62823876258716
0.125,35.8974358974359,300.0173204649772
0.16666666666666666,35.8974358974359,300.0003618631695
0.20833333333333331,35.8974358974359,300.0000061085156
0.25,35.8974358974359,300.00000008688147
0.29166666666666663,35.8974358974359,300.00000000107286
0.3333333333333333,35.8974358974359,300.0000000000121
0.375,35.8974358974359,300.0000000000005
0.41666666666666663,35.8974358974359,300.00000000000045
0.4583333333333333,35.8974358974359,300.0
0.5,35.8974358974359,300.0
0.5416666666666666,35.8974358974359,300.0
0.5833333333333333,35.8974358974359,300.0
0.625,35.8974358974359,300.0
0.6666666666666666,35.8974358974359,300.0
0.7083333333333333,35.8974358974359,300.0
0.75,35.8974358974359,300.0
0.7916666666666666,35.8974358974359,300.0
0.8333333333333333,35.8974358974359,300.0
0.875,35.8974358974359,300.00000000000045
0.9166666666666666,35.8974358974359,299.9999999999992
0.9583333333333333,35.8974358974359,300.00000000000045
1.0,35.8974358974359,300.0
0.0,38.46153846153847,500.0
0.041666666666666664,38.46153846153847,316.44798769460147
0.08333333333333333,38.46153846153847,300.7156798039167
0.125,38.46153846153847,300.0211124209741
0.16666666666666666,38.46153846153847,300.0004718638283
0.20833333333333331,38.46153846153847,300.0000085151752
0.25,38.46153846153847,300.00000012933265
0.29166666666666663,38.46153846153847,300.00000000170303
0.3333333333333333,38.46153846153847,300.00000000002024
0.375,38.46153846153847,300.0000000000006
0.41666666666666663,38.46153846153847,300.00000000000045
0.4583333333333333,38.46153846153847,300.0
0.5,38.46153846153847,300.0
0.5416666666666666,38.46153846153847,300.0
0.5833333333333333,38.46153846153847,300.0
0.625,38.46153846153847,300.0
0.6666666666666666,38.46153846153847,300.0
0.7083333333333333,38.46153846153847,300.0
0.75,38.46153846153847,300.0
0.7916666666666666,38.46153846153847,300.0
0.8333333333333333,38.46153846153847,300.0
0.875,38.46153846153847,300.00000000000045
0.9166666666666666,38.46153846153847,299.99999999999915
0.9583333333333333,38.46153846153847,300.00000000000045
1.0,38.46153846153847,300.0
0.0,41.02564102564103,500.0
0.041666666666666664,41.02564102564103,317.44611371154105
0.08333333333333333,41.02564102564103,300.8080739398066
0.125,41.02564102564103,300.025394652325
0.16666666666666666,41.02564102564103,300.00060457718376
0.20833333333333331,41.02564102564103,300.0000116150999
0.25,41.02564102564103,300.00000018765456
0.29166666666666663,41.02564102564103,300.00000000262537
0.3333333333333333,41.02564102564103,300.00000000003286
0.375,41.02564102564103,300.00000000000074
0.41666666666666663,41.02564102564103,300.00000000000045
0.4583333333333333,41.02564102564103,300.0
0.5,41.02564102564103,300.0
0.5416666666666666,41.02564102564103,300.0
0.5833333333333333,41.02564102564103,300.0
0.625,41.02564102564103,300.0
0.6666666666666666,41.02564102564103,300.0
0.7083333333333333,41.02564102564103,300.0
0.75,41.02564102564103,300.0
0.7916666666666666,41.02564102564103,300.0
0.8333333333333333,41.02564102564103,300.0
0.875,41.02564102564103,300.00000000000045
0.9166666666666666,41.02564102564103,299.9999999999991
0.9583333333333333,41.02564102564103,300.00000000000045
1.0,41.02564102564103,300.0
0.0,43.58974358974359,500.0
0.041666666666666664,43.58974358974359,318.43293379988734
0.08333333333333333,43.58974358974359,300.90529753627834
0.125,43.58974358974359,300.030190555237
0.16666666666666666,43.58974358974359,300.0007627223818
0.20833333333333331,43.58974358974359,300.00001554328577
0.25,43.58974358974359,300.00000026618403
0.29166666666666663,43.58974358974359,300.0000000039436
0.3333333333333333,43.58974358974359,300.00000000005195
0.375,43.58974358974359,300.00000000000097
0.41666666666666663,43.58974358974359,300.00000000000045
0.4583333333333333,43.58974358974359,300.0
0.5,43.58974358974359,300.0
0.5416666666666666,43.58974358974359,300.0
0.5833333333333333,43.58974358974359,300.0
0.625,43.58974358974359,300.0
0.6666666666666666,43.58974358974359,300.0
0.7083333333333333,43.58974358974359,300.0
0.75,43.58974358974359,300.0
0.7916666666666666,43.58974358974359,300.0
0.8333333333333333,43.58974358974359,300.0
0.875,43.58974358974359,300.00000000000045
0.9166666666666666,43.58974358974359,299.99999999999903
0.9583333333333333,43.58974358974359,300.00000000000045
1.0,43.58974358974359,300.0
0.0,46.15384615384616,500.0
0.041666666666666664,46.15384615384616,319.4086107650739
0.08333333333333333,46.15384615384616,301.0072295418251
0.125,46.15384615384616,300.0355225367235
0.16666666666666666,46.15384615384616,300.00094912325125
0.20833333333333331,46.15384615384616,300.0000204496308
0.25,46.15384615384616,300.00000037005395
0.29166666666666663,46.15384615384616,300.0000000057887
0.3333333333333333,46.15384615384616,300.00000000008026
0.375,46.15384615384616,300.00000000000136
0.41666666666666663,46.15384615384616,300.00000000000045
0.4583333333333333,46.15384615384616,300.0
0.5,46.15384615384616,300.0
0.5416666666666666,46.15384615384616,300.0
0.5833333333333333,46.15384615384616,300.0
0.625,46.15384615384616,300.0
0.6666666666666666,46.15384615384616,300.0
0.7083333333333333,46.15384615384616,300.0
0.75,46.15384615384616,300.0
0.7916666666666666,46.15384615384616,300.0
0.8333333333333333,46.15384615384616,300.0
0.875,46.15384615384616,300.00000000000045
0.9166666666666666,46.15384615384616,299.999999999999
0.9583333333333333,46.15384615384616,300.00000000000045
1.0,46.15384615384616,300.0
0.0,48.71794871794872,500.0
0.041666666666666664,48.71794871794872,320.3733047642141
0.08333333333333333,48.71794871794872,301.11375143501334
0.125,48.71794871794872,300.0414120421685
0.16666666666666666,48.71794871794872,300.00116670135
0.20833333333333331,48.71794871794872,300.00002649936465
0.25,48.71794871794872,300.00000050527404
0.29166666666666663,48.71794871794872,300.0000000083228
0.3333333333333333,48.71794871794872,300.0000000001213
0.375,48.71794871794872,300.00000000000193
0.41666666666666663,48.71794871794872,300.00000000000045
0.4583333333333333,48.71794871794872,300.0
0.5,48.71794871794872,300.0
0.5416666666666666,48.71794871794872,300.0
0.5833333333333333,48.71794871794872,300.0
0.625,48.71794871794872,300.0
0.6666666666666666,48.71794871794872,300.0
0.7083333333333333,48.71794871794872,300.0
0.75,48.71794871794872,300.0
0.7916666666666666,48.71794871794872,300.0
0.8333333333333333,48.71794871794872,300.0
0.875,48.71794871794872,300.00000000000045
0.9166666666666666,48.71794871794872,299.9999999999989
0.9583333333333333,48.71794871794872,300.00000000000045
1.0,48.71794871794872,300.0
0.0,51.282051282051285,500.0
0.041666666666666664,51.282051282051285,321.3271733524857
0.08333333333333333,51.282051282051285,301.2247471731489
0.125,51.282051282051285,300.0478795822151
0.16666666666666666,51.282051282051285,300.00141846925646
0.20833333333333331,51.282051282051285,300.00003387343247
0.25,51.282051282051285,300.0000006788125
0.29166666666666663,51.282051282051285,300.0000000117451
0.3333333333333333,51.282051282051285,300.00000000017957
0.375,51.282051282051285,300.0000000000028
0.41666666666666663,51.282051282051285,300.00000000000045
0.4583333333333333,51.282051282051285,300.0
0.5,51.282051282051285,300.0
0.5416666666666666,51.282051282051285,300.0
0.5833333333333333,51.282051282051285,300.0
0.625,51.282051282051285,300.0
0.6666666666666666,51.282051282051285,300.0
0.7083333333333333,51.282051282051285,300.0
0.75,51.282051282051285,300.0
0.7916666666666666,51.282051282051285,300.0
0.8333333333333333,51.282051282051285,300.0
0.875,51.282051282051285,300.00000000000045
0.9166666666666666,51.282051282051285,299.99999999999886
0.9583333333333333,51.282051282051285,300.00000000000045
1.0,51.282051282051285,300.0
0.0,53.846153846153854,500.0
0.041666666666666664,53.846153846153854,322.2703715286622
0.08333333333333333,53.846153846153854,301.34010314198423
0.125,53.846153846153854,300.0549447589921
0.16666666666666666,53.846153846153854,300.0017075241022
0.20833333333333331,53.846153846153854,300.00004276883647
0.25,53.846153846153854,300.00000089867996
0.29166666666666663,53.846153846153854,300.0000000162966
0.3333333333333333,53.846153846153854,300.0000000002608
0.375,53.846153846153854,300.00000000000404
0.41666666666666663,53.846153846153854,300.00000000000045
0.4583333333333333,53.846153846153854,300.0
0.5,53.846153846153854,300.0
0.5416666666666666,53.846153846153854,300.0
0.5833333333333333,53.846153846153854,300.0
0.625,53.846153846153854,300.0
0.6666666666666666,53.846153846153854,300.0
0.7083333333333333,53.846153846153854,300.0
0.75,53.846153846153854,300.0
0.7916666666666666,53.846153846153854,300.0
0.8333333333333333,53.846153846153854,300.0
0.875,53.846153846153854,300.00000000000045
0.9166666666666666,53.846153846153854,299.9999999999988
0.9583333333333333,53.846153846153854,300.00000000000045
1.0,53.846153846153854,300.0
0.0,56.410256410256416,500.0
0.041666666666666664,56.410256410256416,323.20305177980634
0.08333333333333333,56.410256410256416,301.4597081064462
0.125,56.410256410256416,300.0626262916953
0.16666666666666666,56.410256410256416,300.00203704133645
0.20833333333333331,56.410256410256416,300.0000533989353
0.25,56.410256410256416,300.0000011740131
0.29166666666666663,56.410256410256416,300.0000000222668
0.3333333333333333,56.410256410256416,300.0000000003724
0.375,56.410256410256416,300.00000000000585
0.41666666666666663,56.410256410256416,300.00000000000045
0.4583333333333333,56.410256410256416,300.0
0.5,56.410256410256416,300.0
0.5416666666666666,56.410256410256416,300.0
0.5833333333333333,56.410256410256416,300.0
0.625,56.410256410256416,300.0
0.6666666666666666,56.410256410256416,300.0
0.7083333333333333,56.410256410256416,300.0
0.75,56.410256410256416,300.0
0.7916666666666666,56.410256410256416,300.0
0.8333333333333333,56.410256410256416,300.0
0.875,56.410256410256416,300.00000000000045
0.9166666666666666,56.410256410256416,299.99999999999875
0.9583333333333333,56.410256410256416,300.00000000000045
1.0,56.410256410256416,300.0
0.0,58.97435897435898,500.0
0.041666666666666664,58.97435897435898,324.12536412514197
0.08333333333333333,58.97435897435898,301.58345316236296
0.125,58.97435897435898,300.07094204153793
0.16666666666666666,58.97435897435898,300.00241026871737
0.20833333333333331,58.97435897435898,300.0000659937044
0.25,58.97435897435898,300.00000151515997
0.29166666666666663,58.97435897435898,300.0000000299996
0.3333333333333333,58.97435897435898,300.0000000005234
0.375,58.97435897435898,300.00000000000847
0.41666666666666663,58.97435897435898,300.00000000000045
0.4583333333333333,58.97435897435898,300.0
0.5,58.97435897435898,300.0
0.5416666666666666,58.97435897435898,300.0
0.5833333333333333,58.97435897435898,300.0
0.625,58.97435897435898,300.0
0.6666666666666666,58.97435897435898,300.0
0.7083333333333333,58.97435897435898,300.0
0.75,58.97435897435898,300.0
0.7916666666666666,58.97435897435898,300.0
0.8333333333333333,58.97435897435898,300.0
0.875,58.97435897435898,300.00000000000045
0.9166666666666666,58.97435897435898,299.9999999999987
0.9583333333333333,58.97435897435898,300.00000000000045
1.0,58.97435897435898,300.0
0.0,61.53846153846155,500.0
0.041666666666666664,61.53846153846155,325.03745615912067
0.08333333333333333,61.53846153846155,301.71123168917023
0.125,61.53846153846155,300.0799090360854
0.16666666666666666,61.53846153846155,300.00283052052237
0.20833333333333331,61.53846153846155,300.00008079995865
0.25,61.53846153846155,300.00000193376513
0.29166666666666663,61.53846153846155,300.0000000399002
0.3333333333333333,61.53846153846155,300.00000000072515
0.375,61.53846153846155,300.0000000000121
0.41666666666666663,61.53846153846155,300.0000000000005
0.4583333333333333,61.53846153846155,300.0
0.5,61.53846153846155,300.0
0.5416666666666666,61.53846153846155,300.0
0.5833333333333333,61.53846153846155,300.0
0.625,61.53846153846155,300.0
0.6666666666666666,61.53846153846155,300.0
0.7083333333333333,61.53846153846155,300.0
0.75,61.53846153846155,300.0
0.7916666666666666,61.53846153846155,300.0
0.8333333333333333,61.53846153846155,300.0
0.875,61.53846153846155,300.00000000000045
0.9166666666666666,61.53846153846155,299.99999999999864
0.9583333333333333,61.53846153846155,300.00000000000045
1.0,61.53846153846155,300.0
0.0,64.1025641025641,500.0
0.041666666666666664,64.1025641025641,325.93947309369753
0.08333333333333333,64.1025641025641,301.8429393035766
0.125,64.1025641025641,300.0895434929885
0.16666666666666666,64.1025641025641,300.0033011719712
0.20833333333333331,64.1025641025641,300.0000980815389
0.25,64.1025641025641,300.00000244285565
0.29166666666666663,64.1025641025641,300.0000000524425
0.3333333333333333,64.1025641025641,300.0000000009912
0.375,64.1025641025641,300.00000000001705
0.41666666666666663,64.1025641025641,300.0000000000006
0.4583333333333333,64.1025641025641,300.0
0.5,64.1025641025641,300.0
0.5416666666666666,64.1025641025641,300.0
0.5833333333333333,64.1025641025641,300.0
0.625,64.1025641025641,300.0
0.6666666666666666,64.1025641025641,300.0
0.7083333333333333,64.1025641025641,300.0
0.75,64.1025641025641,300.0
0.7916666666666666,64.1025641025641,300.0
0.8333333333333333,64.1025641025641,300.0
0.875,64.1025641025641,300.00000000000045
0.9166666666666666,64.1025641025641,299.9999999999986
0.9583333333333333,64.1025641025641,300.00000000000045
1.0,64.1025641025641,300.0
0.0,66.66666666666667,500.0
0.041666666666666664,66.66666666666667,326.83155779983116
0.08333333333333333,66.66666666666667,301.97847381416824
0.125,66.66666666666667,300.09986084312925
0.16666666666666666,66.66666666666667,300.0038256538563
0.20833333333333331,66.66666666666667,300.0001181194643
0.25,66.66666666666667,300.0000030569266
0.29166666666666663,66.66666666666667,300.0000000681766
0.3333333333333333,66.66666666666667,300.0000000013381
0.375,66.66666666666667,300.00000000002376
0.41666666666666663,66.66666666666667,300.00000000000074
0.4583333333333333,66.66666666666667,300.0
0.5,66.66666666666667,300.0
0.5416666666666666,66.66666666666667,300.0
0.5833333333333333,66.66666666666667,300.0
0.625,66.66666666666667,300.0
0.6666666666666666,66.66666666666667,300.0
0.7083333333333333,66.66666666666667,300.0
0.75,66.66666666666667,300.0
0.7916666666666666,66.66666666666667,300.0
0.8333333333333333,66.66666666666667,300.0
0.875,66.66666666666667,300.00000000000045
0.9166666666666666,66.66666666666667,299.9999999999985
0.9583333333333333,66.66666666666667,300.00000000000045
1.0,66.66666666666667,300.0
0.0,69.23076923076924,500.0
0.041666666666666664,69.23076923076924,327.71385084822356
0.08333333333333333,69.23076923076924,302.1177351769339
0.125,69.23076923076924,300.1108757531923
0.16666666666666666,69.23076923076924,300.0044074473735
0.20833333333333331,69.23076923076924,300.00014121205237
0.25,69.23076923076924,300.0000037920263
0.29166666666666663,69.23076923076924,300.00000008773696
0.3333333333333333,69.23076923076924,300.0000000017859
0.375,69.23076923076924,300.0000000000328
0.41666666666666663,69.23076923076924,300.00000000000085
0.4583333333333333,69.23076923076924,300.0
0.5,69.23076923076924,300.0
0.5416666666666666,69.23076923076924,300.0
0.5833333333333333,69.23076923076924,300.0
0.625,69.23076923076924,300.0
0.6666666666666666,69.23076923076924,300.0
0.7083333333333333,69.23076923076924,300.0
0.75,69.23076923076924,300.0
0.7916666666666666,69.23076923076924,300.0
0.8333333333333333,69.23076923076924,300.0
0.875,69.23076923076924,300.00000000000045
0.9166666666666666,69.23076923076924,299.99999999999847
0.9583333333333333,69.23076923076924,300.00000000000045
1.0,69.23076923076924,300.0
0.0,71.7948717948718,500.0
0.041666666666666664,71.7948717948718,328.5864905493134
0.08333333333333333,71.7948717948718,302.26062545169077
0.125,71.7948717948718,300.1226021476769
0.16666666666666666,71.7948717948718,300.0050500791468
0.20833333333333331,71.7948717948718,300.00016767500745
0.25,71.7948717948718,300.0000046658421
0.29166666666666663,71.7948717948718,300.000000111851
0.3333333333333333,71.7948717948718,300.0000000023583
0.375,71.7948717948718,300.00000000004474
0.41666666666666663,71.7948717948718,300.0000000000011
0.4583333333333333,71.7948717948718,300.0
0.5,71.7948717948718,300.0
0.5416666666666666,71.7948717948718,300.0
0.5833333333333333,71.7948717948718,300.0
0.625,71.7948717948718,300.0
0.6666666666666666,71.7948717948718,300.0
0.7083333333333333,71.7948717948718,300.0
0.75,71.7948717948718,300.0
0.7916666666666666,71.7948717948718,300.0
0.8333333333333333,71.7948717948718,300.0
0.875,71.7948717948718,300.00000000000045
0.9166666666666666,71.7948717948718,299.9999999999984
0.9583333333333333,71.7948717948718,300.00000000000045
1.0,71.7948717948718,300.0
0.0,74.35897435897436,500.0
0.041666666666666664,74.35897435897436,329.4496129925375
0.08333333333333333,74.35897435897436,302.4070487593947
0.125,74.35897435897436,300.13505323036105
0.16666666666666666,74.35897435897436,300.005757116443
0.20833333333333331,74.35897435897436,300.0001978414798
0.25,74.35897435897436,300.0000056977844
0.29166666666666663,74.35897435897436,300.00000014134804
0.3333333333333333,74.35897435897436,300.00000000308336
0.375,74.35897435897436,300.00000000006037
0.41666666666666663,74.35897435897436,300.0000000000014
0.4583333333333333,74.35897435897436,300.0
0.5,74.35897435897436,300.0
0.5416666666666666,74.35897435897436,300.0
0.5833333333333333,74.35897435897436,300.0
0.625,74.35897435897436,300.0
0.6666666666666666,74.35897435897436,300.0
0.7083333333333333,74.35897435897436,300.0
0.75,74.35897435897436,300.0
0.7916666666666666,74.35897435897436,300.0
0.8333333333333333,74.35897435897436,300.0
0.875,74.35897435897436,300.00000000000045
0.9166666666666666,74.35897435897436,299.99999999999835
0.9583333333333333,74.35897435897436,300.00000000000045
1.0,74.35897435897436,300.0
0.0,76.92307692307693,500.0
0.041666666666666664,76.92307692307693,330.30335208487355
0.08333333333333333,76.92307692307693,302.55691124031404
0.125,76.92307692307693,300.1482415052316
0.16666666666666666,76.92307692307693,300.00653216256876
0.20833333333333331,76.92307692307693,300.0002320620968
0.25,76.92307692307693,300.000006909071
0.29166666666666663,76.92307692307693,300.00000017716815
0.3333333333333333,76.92307692307693,300.00000000399405
0.375,76.92307692307693,300.00000000008066
0.41666666666666663,76.92307692307693,300.0000000000018
0.4583333333333333,76.92307692307693,300.0
0.5,76.92307692307693,300.0
0.5416666666666666,76.92307692307693,300.0
0.5833333333333333,76.92307692307693,300.0
0.625,76.92307692307693,300.0
0.6666666666666666,76.92307692307693,300.0
0.7083333333333333,76.92307692307693,300.0
0.75,76.92307692307693,300.0
0.7916666666666666,76.92307692307693,300.0
0.8333333333333333,76.92307692307693,300.0
0.875,76.92307692307693,300.00000000000045
0.9166666666666666,76.92307692307693,299.9999999999983
0.9583333333333333,76.92307692307693,300.00000000000045
1.0,76.92307692307693,300.0
0.0,79.48717948717949,500.0
0.041666666666666664,79.48717948717949,331.14783958867935
0.08333333333333333,79.48717948717949,302.7101210130519
0.125,79.48717948717949,300.16217879689174
0.16666666666666666,79.48717948717949,300.0073788524459
0.20833333333333331,79.48717948717949,300.000270704967
0.25,79.48717948717949,300.0000083228101
0.29166666666666663,79.48717948717949,300.00000022037256
0.3333333333333333,79.48717948717949,300.00000000512904
0.375,79.48717948717949,300.00000000010687
0.41666666666666663,79.48717948717949,300.00000000000233
0.4583333333333333,79.48717948717949,300.0
0.5,79.48717948717949,300.0
0.5416666666666666,79.48717948717949,300.0
0.5833333333333333,79.48717948717949,300.0
0.625,79.48717948717949,300.0
0.6666666666666666,79.48717948717949,300.0
0.7083333333333333,79.48717948717949,300.0
0.75,79.48717948717949,300.0
0.7916666666666666,79.48717948717949,300.0
0.8333333333333333,79.48717948717949,300.0
0.875,79.48717948717949,300.00000000000045
0.9166666666666666,79.48717948717949,299.99999999999824
0.9583333333333333,79.48717948717949,300.00000000000045
1.0,79.48717948717949,300.0
0.0,82.05128205128206,500.0
0.041666666666666664,82.05128205128206,331.9832051588397
0.08333333333333333,82.05128205128206,302.8665881343977
0.125,82.05128205128206,300.17687627045956
0.16666666666666666,82.05128205128206,300.00830084835866
0.20833333333333331,82.05128205128206,300.00031415565934
0.25,82.05128205128206,300.0000099640826
0.29166666666666663,82.05128205128206,300.0000002721533
0.3333333333333333,82.05128205128206,300.0000000065331
0.375,82.05128205128206,300.00000000014023
0.41666666666666663,82.05128205128206,300.000000000003
0.4583333333333333,82.05128205128206,300.0
0.5,82.05128205128206,300.0
0.5416666666666666,82.05128205128206,300.0
0.5833333333333333,82.05128205128206,300.0
0.625,82.05128205128206,300.0
0.6666666666666666,82.05128205128206,300.0
0.7083333333333333,82.05128205128206,300.0
0.75,82.05128205128206,300.0
0.7916666666666666,82.05128205128206,300.0
0.8333333333333333,82.05128205128206,300.0
0.875,82.05128205128206,300.00000000000045
0.9166666666666666,82.05128205128206,299.9999999999982
0.9583333333333333,82.05128205128206,300.00000000000045
1.0,82.05128205128206,300.0
0.0,84.61538461538463,500.0
0.041666666666666664,84.61538461538463,332.80957637923643
0.08333333333333333,84.61538461538463,303.0262245599926
0.125,84.61538461538463,300.1923444509689
0.16666666666666666,84.61538461538463,300.00930183586837
0.20833333333333331,84.61538461538463,300.0003628171576
0.25,84.61538461538463,300.00001186002277
0.29166666666666663,84.61538461538463,300.0000003338436
0.3333333333333333,84.61538461538463,300.00000000825804
0.375,84.61538461538463,300.0000000001826
0.41666666666666663,84.61538461538463,300.0000000000039
0.4583333333333333,84.61538461538463,300.0
0.5,84.61538461538463,300.0
0.5416666666666666,84.61538461538463,300.0
0.5833333333333333,84.61538461538463,300.0
0.625,84.61538461538463,300.0
0.6666666666666666,84.61538461538463,300.0
0.7083333333333333,84.61538461538463,300.0
0.75,84.61538461538463,300.0
0.7916666666666666,84.61538461538463,300.0
0.8333333333333333,84.61538461538463,300.0
0.875,84.61538461538463,300.00000000000045
0.9166666666666666,84.61538461538463,299.9999999999981
0.9583333333333333,84.61538461538463,300.00000000000045
1.0,84.61538461538463,300.0
0.0,87.17948717948718,500.0
0.041666666666666664,87.17948717948718,333.62707879855185
0.08333333333333333,87.17948717948718,303.18894410579065
0.125,87.17948717948718,300.2085932422835
0.16666666666666666,87.17948717948718,300.0103855198907
0.20833333333333331,87.17948717948718,300.0004171097931
0.25,87.17948717948718,300.0000140398984
0.29166666666666663,87.17948717948718,300.0000004069291
0.3333333333333333,87.17948717948718,300.00000001036346
0.375,87.17948717948718,300.0000000002358
0.41666666666666663,87.17948717948718,300.0000000000051
0.4583333333333333,87.17948717948718,300.0
0.5,87.17948717948718,300.0
0.5416666666666666,87.17948717948718,300.0
0.5833333333333333,87.17948717948718,300.0
0.625,87.17948717948718,300.0
0.6666666666666666,87.17948717948718,300.0
0.7083333333333333,87.17948717948718,300.0
0.75,87.17948717948718,300.0
0.7916666666666666,87.17948717948718,300.0
0.8333333333333333,87.17948717948718,300.0
0.875,87.17948717948718,300.00000000000045
0.9166666666666666,87.17948717948718,299.99999999999807
0.9583333333333333,87.17948717948718,300.00000000000045
1.0,87.17948717948718,300.0
0.0,89.74358974358975,500.0
0.041666666666666664,89.74358974358975,334.43583596542095
0.08333333333333333,89.74358974358975,303.35466241030093
0.125,89.74358974358975,300.2256319455369
0.16666666666666666,89.74358974358975,300.01155562092913
0.20833333333333331,89.74358974358975,300.0004774711546
0.25,89.74358974358975,300.00001653518916
0.29166666666666663,89.74358974358975,300.00000049305845
0.3333333333333333,89.74358974358975,300.0000000129175
0.375,89.74358974358975,300.00000000030224
0.41666666666666663,89.74358974358975,300.0000000000067
0.4583333333333333,89.74358974358975,300.0
0.5,89.74358974358975,300.0
0.5416666666666666,89.74358974358975,300.0
0.5833333333333333,89.74358974358975,300.0
0.625,89.74358974358975,300.0
0.6666666666666666,89.74358974358975,300.0
0.7083333333333333,89.74358974358975,300.0
0.75,89.74358974358975,300.0
0.7916666666666666,89.74358974358975,300.0
0.8333333333333333,89.74358974358975,300.0
0.875,89.74358974358975,300.00000000000045
0.9166666666666666,89.74358974358975,299.999999999998
0.9583333333333333,89.74358974358975,300.00000000000045
1.0,89.74358974358975,300.0
0.0,92.30769230769232,500.0
0.041666666666666664,92.30769230769232,335.2359694629426
0.08333333333333333,92.30769230769232,303.5232968975939
0.125,92.30769230769232,300.24346927710934
0.16666666666666666,92.30769230769232,300.012815871462
0.20833333333333331,92.30769230769232,300.00054435597895
0.25,92.30769230769232,300.00001937966357
0.29166666666666663,92.30769230769232,300.0000005940554
0.3333333333333333,92.30769230769232,300.0000000159979
0.375,92.30769230769232,300.0000000003847
0.41666666666666663,92.30769230769232,300.0000000000087
0.4583333333333333,92.30769230769232,300.00000000000006
0.5,92.30769230769232,300.0
0.5416666666666666,92.30769230769232,300.0
0.5833333333333333,92.30769230769232,300.0
0.625,92.30769230769232,300.0
0.6666666666666666,92.30769230769232,300.0
0.7083333333333333,92.30769230769232,300.0
0.75,92.30769230769232,300.0
0.7916666666666666,92.30769230769232,300.0
0.8333333333333333,92.30769230769232,300.0
0.875,92.30769230769232,300.00000000000045
0.9166666666666666,92.30769230769232,299.99999999999795
0.9583333333333333,92.30769230769232,300.00000000000045
1.0,92.30769230769232,300.0
0.0,94.87179487179488,500.0
0.041666666666666664,94.87179487179488,336.02759894256246
0.08333333333333333,94.87179487179488,303.69476674105636
0.125,94.87179487179488,300.26211338615116
0.16666666666666666,94.87179487179488,300.0141700124766
0.20833333333333331,94.87179487179488,300.00061823602135
0.25,94.87179487179488,300.00002260945433
0.29166666666666663,94.87179487179488,300.0000007119301
0.3333333333333333,94.87179487179488,300.00000001969295
0.375,94.87179487179488,300.0000000004864
0.41666666666666663,94.87179487179488,300.0000000000112
0.4583333333333333,94.87179487179488,300.0000000000001
0.5,94.87179487179488,300.0
0.5416666666666666,94.87179487179488,300.0
0.5833333333333333,94.87179487179488,300.0
0.625,94.87179487179488,300.0
0.6666666666666666,94.87179487179488,300.0
0.7083333333333333,94.87179487179488,300.0
0.75,94.87179487179488,300.0
0.7916666666666666,94.87179487179488,300.0
0.8333333333333333,94.87179487179488,300.0
0.875,94.87179487179488,300.00000000000045
0.9166666666666666,94.87179487179488,299.9999999999979
0.9583333333333333,94.87179487179488,300.00000000000045
1.0,94.87179487179488,300.0
0.0,97.43589743589745,500.0
0.041666666666666664,97.43589743589745,336.8108421573403
0.08333333333333333,97.43589743589745,303.86899282788005
0.125,97.43589743589745,300.28157187166477
0.16666666666666666,97.43589743589745,300.0156217901469
0.20833333333333331,97.43589743589745,300.00069959990833
0.25,97.43589743589745,300.0000262631323
0.29166666666666663,97.43589743589745,300.0000008488916
0.3333333333333333,97.43589743589745,300.00000002410235
0.375,97.43589743589745,300.00000000061095
0.41666666666666663,97.43589743589745,300.0000000000143
0.4583333333333333,97.43589743589745,300.00000000000017
0.5,97.43589743589745,300.0
0.5416666666666666,97.43589743589745,300.0
0.5833333333333333,97.43589743589745,300.0
0.625,97.43589743589745,300.0
0.6666666666666666,97.43589743589745,300.0
0.7083333333333333,97.43589743589745,300.0
0.75,97.43589743589745,300.0
0.7916666666666666,97.43589743589745,300.0
0.8333333333333333,97.43589743589745,300.0
0.875,97.43589743589745,300.00000000000045
0.9166666666666666,97.43589743589745,299.99999999999784
0.9583333333333333,97.43589743589745,300.00000000000045
1.0,97.43589743589745,300.0
0.0,100.0,500.0
0.041666666666666664,100.0,337.585814994612
0.08333333333333333,100.0,304.04589772426885
0.125,100.0,300.3018517991559
0.16666666666666666,100.0,300.01717495264984
0.20833333333333331,100.0,300.0007889529731
0.25,100.0,300.00003038177846
0.29166666666666663,100.0,300.0000010073601
0.3333333333333333,100.0,300.0000000293384
0.375,100.0,300.00000000076267
0.41666666666666663,100.0,300.00000000001825
0.4583333333333333,100.0,300.0000000000003
0.5,100.0,300.0
0.5416666666666666,100.0,300.0
0.5833333333333333,100.0,300.0
0.625,100.0,300.0
0.6666666666666666,100.0,300.0
0.7083333333333333,100.0,300.0
0.75,100.0,300.0
0.7916666666666666,100.0,300.0
0.8333333333333333,100.0,300.0
0.875,100.0,300.00000000000045
0.9166666666666666,100.0,299.9999999999978
0.9583333333333333,100.0,300.00000000000045
1.0,100.0,300.0
