simulation_id,material,time,x,y,temperature
Simulation_000001,Diamond,44.487058166485475,0.013657969338385284,0.01017975611003879,327.1751217300327
Simulation_000001,Diamond,44.487058166485475,0.04097390801515585,0.01017975611003879,327.18285673136
Simulation_000001,Diamond,44.487058166485475,0.06828984669192642,0.01017975611003879,327.1980352933088
Simulation_000001,Diamond,44.487058166485475,0.095605785368697,0.01017975611003879,327.22004777175357
Simulation_000001,Diamond,44.487058166485475,0.12292172404546757,0.01017975611003879,327.24791611734634
Simulation_000001,Diamond,44.487058166485475,0.15023766272223815,0.01017975611003879,327.2802290572414
Simulation_000001,Diamond,44.487058166485475,0.17755360139900872,0.01017975611003879,327.3150812629985
Simulation_000001,Diamond,44.487058166485475,0.2048695400757793,0.01017975611003879,327.35005037988344
Simulation_000001,Diamond,44.487058166485475,0.23218547875254986,0.01017975611003879,327.3822643544021
Simulation_000001,Diamond,44.487058166485475,0.2595014174293204,0.01017975611003879,327.40862291144094
Simulation_000001,Diamond,44.487058166485475,0.28681735610609105,0.01017975611003879,327.4262177602952
Simulation_000001,Diamond,44.487058166485475,0.31413329478286156,0.01017975611003879,327.43291496285104
Simulation_000001,Diamond,44.487058166485475,0.3414492334596322,0.01017975611003879,327.42791738576
Simulation_000001,Diamond,44.487058166485475,0.3687651721364027,0.01017975611003879,327.41201192867055
Simulation_000001,Diamond,44.487058166485475,0.3960811108131733,0.01017975611003879,327.3873228575087
Simulation_000001,Diamond,44.487058166485475,0.42339704948994383,0.01017975611003879,327.3567500869649
Simulation_000001,Diamond,44.487058166485475,0.45071298816671446,0.01017975611003879,327.32338790877196
Simulation_000001,Diamond,44.487058166485475,0.47802892684348497,0.01017975611003879,327.29010646496465
Simulation_000001,Diamond,44.487058166485475,0.5053448655202556,0.01017975611003879,327.2593328055788
Simulation_000001,Diamond,44.487058166485475,0.5326608041970261,0.01017975611003879,327.2329872979865
Simulation_000001,Diamond,44.487058166485475,0.5599767428737967,0.01017975611003879,327.2125119800141
Simulation_000001,Diamond,44.487058166485475,0.5872926815505672,0.01017975611003879,327.19893897982445
Simulation_000001,Diamond,44.487058166485475,0.6146086202273379,0.01017975611003879,327.192965805656
Simulation_000001,Diamond,44.487058166485475,0.6419245589041084,0.01017975611003879,327.19501965670287
Simulation_000001,Diamond,44.487058166485475,0.013657969338385284,0.030539268330116373,327.0481936969171
Simulation_000001,Diamond,44.487058166485475,0.04097390801515585,0.030539268330116373,327.05609536704355
Simulation_000001,Diamond,44.487058166485475,0.06828984669192642,0.030539268330116373,327.07162174069987
Simulation_000001,Diamond,44.487058166485475,0.095605785368697,0.030539268330116373,327.09419030371527
Simulation_000001,Diamond,44.487058166485475,0.12292172404546757,0.030539268330116373,327.12285794559
Simulation_000001,Diamond,44.487058166485475,0.15023766272223815,0.030539268330116373,327.1562458835906
Simulation_000001,Diamond,44.487058166485475,0.17755360139900872,0.030539268330116373,327.1924601057841
Simulation_000001,Diamond,44.487058166485475,0.2048695400757793,0.030539268330116373,327.2290393745825
Simulation_000001,Diamond,44.487058166485475,0.23218547875254986,0.030539268330116373,327.2629871907569
Simulation_000001,Diamond,44.487058166485475,0.2595014174293204,0.030539268330116373,327.29096860898153
Simulation_000001,Diamond,44.487058166485475,0.28681735610609105,0.030539268330116373,327.30975084942736
Simulation_000001,Diamond,44.487058166485475,0.31413329478286156,0.030539268330116373,327.3168868887853
Simulation_000001,Diamond,44.487058166485475,0.3414492334596322,0.030539268330116373,327.31144201416276
Simulation_000001,Diamond,44.487058166485475,0.3687651721364027,0.030539268330116373,327.2943403319567
Simulation_000001,Diamond,44.487058166485475,0.3960811108131733,0.030539268330116373,327.26801874537483
Simulation_000001,Diamond,44.487058166485475,0.42339704948994383,0.030539268330116373,327.23570104983844
Simulation_000001,Diamond,44.487058166485475,0.45071298816671446,0.030539268330116373,327.2007153319073
Simulation_000001,Diamond,44.487058166485475,0.47802892684348497,0.030539268330116373,327.1660548972428
Simulation_000001,Diamond,44.487058166485475,0.5053448655202556,0.030539268330116373,327.13418380365135
Simulation_000001,Diamond,44.487058166485475,0.5326608041970261,0.030539268330116373,327.1070083875263
Simulation_000001,Diamond,44.487058166485475,0.5599767428737967,0.030539268330116373,327.08593432517677
Simulation_000001,Diamond,44.487058166485475,0.5872926815505672,0.030539268330116373,327.0719533878277
Simulation_000001,Diamond,44.487058166485475,0.6146086202273379,0.030539268330116373,327.06572855146436
Simulation_000001,Diamond,44.487058166485475,0.6419245589041084,0.030539268330116373,327.0676627501525
Simulation_000001,Diamond,44.487058166485475,0.013657969338385284,0.05089878055019395,326.7945535228997
Simulation_000001,Diamond,44.487058166485475,0.04097390801515585,0.05089878055019395,326.80278047117
Simulation_000001,Diamond,44.487058166485475,0.06828984669192642,0.05089878055019395,326.81898736092984
Simulation_000001,Diamond,44.487058166485475,0.095605785368697,0.05089878055019395,326.8426486334229
Simulation_000001,Diamond,44.487058166485475,0.12292172404546757,0.05089878055019395,326.87289675830425
Simulation_000001,Diamond,44.487058166485475,0.15023766272223815,0.05089878055019395,326.90842834017553
Simulation_000001,Diamond,44.487058166485475,0.17755360139900872,0.05089878055019395,326.94738813016056
Simulation_000001,Diamond,44.487058166485475,0.2048695400757793,0.05089878055019395,326.9872567759272
Simulation_000001,Diamond,44.487058166485475,0.23218547875254986,0.05089878055019395,327.02480259230845
Simulation_000001,Diamond,44.487058166485475,0.2595014174293204,0.05089878055019395,327.0562099625565
Simulation_000001,Diamond,44.487058166485475,0.28681735610609105,0.05089878055019395,327.0775409006874
Simulation_000001,Diamond,44.487058166485475,0.31413329478286156,0.05089878055019395,327.08563105310185
Simulation_000001,Diamond,44.487058166485475,0.3414492334596322,0.05089878055019395,327.0792153960687
Simulation_000001,Diamond,44.487058166485475,0.3687651721364027,0.05089878055019395,327.0595476433452
Simulation_000001,Diamond,44.487058166485475,0.3960811108131733,0.05089878055019395,327.02978118032354
Simulation_000001,Diamond,44.487058166485475,0.42339704948994383,0.05089878055019395,326.99384385110426
Simulation_000001,Diamond,44.487058166485475,0.45071298816671446,0.05089878055019395,326.95554274043997
Simulation_000001,Diamond,44.487058166485475,0.47802892684348497,0.05089878055019395,326.918103878829
Simulation_000001,Diamond,44.487058166485475,0.5053448655202556,0.05089878055019395,326.88404582489125
Simulation_000001,Diamond,44.487058166485475,0.5326608041970261,0.05089878055019395,326.85523089847834
Simulation_000001,Diamond,44.487058166485475,0.5599767428737967,0.05089878055019395,326.8329818610434
Simulation_000001,Diamond,44.487058166485475,0.5872926815505672,0.05089878055019395,326.81820430908056
Simulation_000001,Diamond,44.487058166485475,0.6146086202273379,0.05089878055019395,326.8114896816697
Simulation_000001,Diamond,44.487058166485475,0.6419245589041084,0.05089878055019395,326.8131914680799
Simulation_000001,Diamond,44.487058166485475,0.013657969338385284,0.07125829277027154,326.4146444561472
Simulation_000001,Diamond,44.487058166485475,0.04097390801515585,0.07125829277027154,326.423338611048
Simulation_000001,Diamond,44.487058166485475,0.06828984669192642,0.07125829277027154,326.44052700930024
Simulation_000001,Diamond,44.487058166485475,0.095605785368697,0.07125829277027154,326.46577552905046
Simulation_000001,Diamond,44.487058166485475,0.12292172404546757,0.07125829277027154,326.4983433232205
Simulation_000001,Diamond,44.487058166485475,0.15023766272223815,0.07125829277027154,326.5370655295153
Simulation_000001,Diamond,44.487058166485475,0.17755360139900872,0.07125829277027154,326.58018659201525
Simulation_000001,Diamond,44.487058166485475,0.2048695400757793,0.07125829277027154,326.6251543724669
Simulation_000001,Diamond,44.487058166485475,0.23218547875254986,0.07125829277027154,326.6684292761772
Simulation_000001,Diamond,44.487058166485475,0.2595014174293204,0.07125829277027154,326.7054573846802
Simulation_000001,Diamond,44.487058166485475,0.28681735610609105,0.07125829277027154,326.731096797246
Simulation_000001,Diamond,44.487058166485475,0.31413329478286156,0.07125829277027154,326.74083985617
Simulation_000001,Diamond,44.487058166485475,0.3414492334596322,0.07125829277027154,326.7327468958697
Simulation_000001,Diamond,44.487058166485475,0.3687651721364027,0.07125829277027154,326.7087453188973
Simulation_000001,Diamond,44.487058166485475,0.3960811108131733,0.07125829277027154,326.6733306585656
Simulation_000001,Diamond,44.487058166485475,0.42339704948994383,0.07125829277027154,326.63163308209084
Simulation_000001,Diamond,44.487058166485475,0.45071298816671446,0.07125829277027154,326.58819565586725
Simulation_000001,Diamond,44.487058166485475,0.47802892684348497,0.07125829277027154,326.54654888185524
Simulation_000001,Diamond,44.487058166485475,0.5053448655202556,0.07125829277027154,326.509239020901
Simulation_000001,Diamond,44.487058166485475,0.5326608041970261,0.07125829277027154,326.4780212579653
Simulation_000001,Diamond,44.487058166485475,0.5599767428737967,0.07125829277027154,326.4540690758512
Simulation_000001,Diamond,44.487058166485475,0.5872926815505672,0.07125829277027154,326.4381461248183
Simulation_000001,Diamond,44.487058166485475,0.6146086202273379,0.07125829277027154,326.43073115231533
Simulation_000001,Diamond,44.487058166485475,0.6419245589041084,0.07125829277027154,326.4321016911809
Simulation_000001,Diamond,44.487058166485475,0.013657969338385284,0.09161780499034912,325.9091599931792
Simulation_000001,Diamond,44.487058166485475,0.04097390801515585,0.09161780499034912,325.91843706451743
Simulation_000001,Diamond,44.487058166485475,0.06828984669192642,0.09161780499034912,325.9368570604849
Simulation_000001,Diamond,44.487058166485475,0.095605785368697,0.09161780499034912,325.96411683900646
Simulation_000001,Diamond,44.487058166485475,0.12292172404546757,0.09161780499034912,325.99966634901796
Simulation_000001,Diamond,44.487058166485475,0.15023766272223815,0.09161780499034912,326.042570581593
Simulation_000001,Diamond,44.487058166485475,0.17755360139900872,0.09161780499034912,326.0912866388409
Simulation_000001,Diamond,44.487058166485475,0.2048695400757793,0.09161780499034912,326.1433341850053
Simulation_000001,Diamond,44.487058166485475,0.23218547875254986,0.09161780499034912,326.194879263935
Simulation_000001,Diamond,44.487058166485475,0.2595014174293204,0.09161780499034912,326.2403916054761
Simulation_000001,Diamond,44.487058166485475,0.28681735610609105,0.09161780499034912,326.2728454719213
Simulation_000001,Diamond,44.487058166485475,0.31413329478286156,0.09161780499034912,326.28531504335075
Simulation_000001,Diamond,44.487058166485475,0.3414492334596322,0.09161780499034912,326.2744641124556
Simulation_000001,Diamond,44.487058166485475,0.3687651721364027,0.09161780499034912,326.24361553484727
Simulation_000001,Diamond,44.487058166485475,0.3960811108131733,0.09161780499034912,326.19968167172465
Simulation_000001,Diamond,44.487058166485475,0.42339704948994383,0.09161780499034912,326.1496746646647
Simulation_000001,Diamond,44.487058166485475,0.45071298816671446,0.09161780499034912,326.0991111809551
Simulation_000001,Diamond,44.487058166485475,0.47802892684348497,0.09161780499034912,326.0518119610229
Simulation_000001,Diamond,44.487058166485475,0.5053448655202556,0.09161780499034912,326.01024530365675
Simulation_000001,Diamond,44.487058166485475,0.5326608041970261,0.09161780499034912,325.97594462771764
Simulation_000001,Diamond,44.487058166485475,0.5599767428737967,0.09161780499034912,325.94984026967495
Simulation_000001,Diamond,44.487058166485475,0.5872926815505672,0.09161780499034912,325.93248596707394
Simulation_000001,Diamond,44.487058166485475,0.6146086202273379,0.09161780499034912,325.9242024517881
Simulation_000001,Diamond,44.487058166485475,0.6419245589041084,0.09161780499034912,325.9251640172679
Simulation_000001,Diamond,44.487058166485475,0.013657969338385284,0.1119773172104267,325.2790780279897
Simulation_000001,Diamond,44.487058166485475,0.04097390801515585,0.1119773172104267,325.2890171168486
Simulation_000001,Diamond,44.487058166485475,0.06828984669192642,0.1119773172104267,325.3088458938249
Simulation_000001,Diamond,44.487058166485475,0.095605785368697,0.1119773172104267,325.33843475024383
Simulation_000001,Diamond,44.487058166485475,0.12292172404546757,0.1119773172104267,325.37750009226636
Simulation_000001,Diamond,44.487058166485475,0.15023766272223815,0.1119773172104267,325.4254593543214
Simulation_000001,Diamond,44.487058166485475,0.17755360139900872,0.1119773172104267,325.4811639799684
Simulation_000001,Diamond,44.487058166485475,0.2048695400757793,0.1119773172104267,325.54243521128785
Simulation_000001,Diamond,44.487058166485475,0.23218547875254986,0.1119773172104267,325.60533374939985
Simulation_000001,Diamond,44.487058166485475,0.2595014174293204,0.1119773172104267,325.66324020940044
Simulation_000001,Diamond,44.487058166485475,0.28681735610609105,0.1119773172104267,325.70635781022304
Simulation_000001,Diamond,44.487058166485475,0.31413329478286156,0.1119773172104267,325.7234033569879
Simulation_000001,Diamond,44.487058166485475,0.3414492334596322,0.1119773172104267,325.70793872006817
Simulation_000001,Diamond,44.487058166485475,0.3687651721364027,0.1119773172104267,325.6663875910581
Simulation_000001,Diamond,44.487058166485475,0.3960811108131733,0.1119773172104267,325.61001835178774
Simulation_000001,Diamond,44.487058166485475,0.42339704948994383,0.1119773172104267,325.5486122540234
Simulation_000001,Diamond,44.487058166485475,0.45071298816671446,0.1119773172104267,325.48877216678636
Simulation_000001,Diamond,44.487058166485475,0.47802892684348497,0.1119773172104267,325.4344197329192
Simulation_000001,Diamond,44.487058166485475,0.5053448655202556,0.1119773172104267,325.3877149419019
Simulation_000001,Diamond,44.487058166485475,0.5326608041970261,0.1119773172104267,325.3497867799351
Simulation_000001,Diamond,44.487058166485475,0.5599767428737967,0.1119773172104267,325.32119820522666
Simulation_000001,Diamond,44.487058166485475,0.5872926815505672,0.1119773172104267,325.302214685843
Simulation_000001,Diamond,44.487058166485475,0.6146086202273379,0.1119773172104267,325.29295199665023
Simulation_000001,Diamond,44.487058166485475,0.6419245589041084,0.1119773172104267,325.2934550808085
Simulation_000001,Diamond,44.487058166485475,0.013657969338385284,0.1323368294305043,324.5257057429733
Simulation_000001,Diamond,44.487058166485475,0.04097390801515585,0.1323368294305043,324.53633877870084
Simulation_000001,Diamond,44.487058166485475,0.06828984669192642,0.1323368294305043,324.5576569389218
Simulation_000001,Diamond,44.487058166485475,0.095605785368697,0.1323368294305043,324.58974441866786
Simulation_000001,Diamond,44.487058166485475,0.12292172404546757,0.1323368294305043,324.63266361710674
Simulation_000001,Diamond,44.487058166485475,0.15023766272223815,0.1323368294305043,324.68633151897484
Simulation_000001,Diamond,44.487058166485475,0.17755360139900872,0.1323368294305043,324.75025042819686
Simulation_000001,Diamond,44.487058166485475,0.2048695400757793,0.1323368294305043,324.82294749008753
Simulation_000001,Diamond,44.487058166485475,0.23218547875254986,0.1323368294305043,324.90088756348683
Simulation_000001,Diamond,44.487058166485475,0.2595014174293204,0.1323368294305043,324.9766372519576
Simulation_000001,Diamond,44.487058166485475,0.28681735610609105,0.1323368294305043,325.0366884370944
Simulation_000001,Diamond,44.487058166485475,0.31413329478286156,0.1323368294305043,325.0618826705441
Simulation_000001,Diamond,44.487058166485475,0.3414492334596322,0.1323368294305043,325.03822617979773
Simulation_000001,Diamond,44.487058166485475,0.3687651721364027,0.1323368294305043,324.97969736599845
Simulation_000001,Diamond,44.487058166485475,0.3960811108131733,0.1323368294305043,324.90543866418744
Simulation_000001,Diamond,44.487058166485475,0.42339704948994383,0.1323368294305043,324.82894088310144
Simulation_000001,Diamond,44.487058166485475,0.45071298816671446,0.1323368294305043,324.757618131653
Simulation_000001,Diamond,44.487058166485475,0.47802892684348497,0.1323368294305043,324.69498355979937
Simulation_000001,Diamond,44.487058166485475,0.5053448655202556,0.1323368294305043,324.6424845406738
Simulation_000001,Diamond,44.487058166485475,0.5326608041970261,0.1323368294305043,324.6005889453021
Simulation_000001,Diamond,44.487058166485475,0.5599767428737967,0.1323368294305043,324.5693447282788
Simulation_000001,Diamond,44.487058166485475,0.5872926815505672,0.1323368294305043,324.5486483683334
Simulation_000001,Diamond,44.487058166485475,0.6146086202273379,0.1323368294305043,324.53836799997305
Simulation_000001,Diamond,44.487058166485475,0.6419245589041084,0.1323368294305043,324.53839779318986
Simulation_000001,Diamond,44.487058166485475,0.013657969338385284,0.15269634165058185,323.65073408054786
Simulation_000001,Diamond,44.487058166485475,0.04097390801515585,0.15269634165058185,323.66203650090426
Simulation_000001,Diamond,44.487058166485475,0.06828984669192642,0.15269634165058185,323.684805659105
Simulation_000001,Diamond,44.487058166485475,0.095605785368697,0.15269634165058185,323.7193688005554
Simulation_000001,Diamond,44.487058166485475,0.12292172404546757,0.15269634165058185,323.76620200739063
Simulation_000001,Diamond,44.487058166485475,0.15023766272223815,0.15269634165058185,323.8258702000158
Simulation_000001,Diamond,44.487058166485475,0.17755360139900872,0.15269634165058185,323.89883657359604
Simulation_000001,Diamond,44.487058166485475,0.2048695400757793,0.15269634165058185,323.9849367405715
Simulation_000001,Diamond,44.487058166485475,0.23218547875254986,0.15269634165058185,324.0820583454734
Simulation_000001,Diamond,44.487058166485475,0.2595014174293204,0.15269634165058185,324.1831619231579
Simulation_000001,Diamond,44.487058166485475,0.28681735610609105,0.15269634165058185,324.27079136718646
Simulation_000001,Diamond,44.487058166485475,0.31413329478286156,0.15269634165058185,324.3119044072583
Simulation_000001,Diamond,44.487058166485475,0.3414492334596322,0.15269634165058185,324.27228130771294
Simulation_000001,Diamond,44.487058166485475,0.3687651721364027,0.15269634165058185,324.1861258028883
Simulation_000001,Diamond,44.487058166485475,0.3960811108131733,0.15269634165058185,324.0864632791492
Simulation_000001,Diamond,44.487058166485475,0.42339704948994383,0.15269634165058185,323.99073113475697
Simulation_000001,Diamond,44.487058166485475,0.45071298816671446,0.15269634165058185,323.9059472342736
Simulation_000001,Diamond,44.487058166485475,0.47802892684348497,0.15269634165058185,323.8341981620762
Simulation_000001,Diamond,44.487058166485475,0.5053448655202556,0.15269634165058185,323.77561677184286
Simulation_000001,Diamond,44.487058166485475,0.5326608041970261,0.15269634165058185,323.7297005394972
Simulation_000001,Diamond,44.487058166485475,0.5599767428737967,0.15269634165058185,323.6958348072236
Simulation_000001,Diamond,44.487058166485475,0.5872926815505672,0.15269634165058185,323.67348001328537
Simulation_000001,Diamond,44.487058166485475,0.6146086202273379,0.15269634165058185,323.66222754149624
Simulation_000001,Diamond,44.487058166485475,0.6419245589041084,0.15269634165058185,323.6618088968019
Simulation_000001,Diamond,44.487058166485475,0.013657969338385284,0.17305585387065944,322.65629962787085
Simulation_000001,Diamond,44.487058166485475,0.04097390801515585,0.17305585387065944,322.66818439489566
Simulation_000001,Diamond,44.487058166485475,0.06828984669192642,0.17305585387065944,322.69223089610233
Simulation_000001,Diamond,44.487058166485475,0.095605785368697,0.17305585387065944,322.7290165783562
Simulation_000001,Diamond,44.487058166485475,0.12292172404546757,0.17305585387065944,322.77946358293195
Simulation_000001,Diamond,44.487058166485475,0.15023766272223815,0.17305585387065944,322.8448894649402
Simulation_000001,Diamond,44.487058166485475,0.17755360139900872,0.17305585387065944,322.9270091480344
Simulation_000001,Diamond,44.487058166485475,0.2048695400757793,0.17305585387065944,323.02769889538865
Simulation_000001,Diamond,44.487058166485475,0.23218547875254986,0.17305585387065944,323.1479228626301
Simulation_000001,Diamond,44.487058166485475,0.2595014174293204,0.17305585387065944,323.28408397764827
Simulation_000001,Diamond,44.487058166485475,0.28681735610609105,0.17305585387065944,323.4176490728274
Simulation_000001,Diamond,44.487058166485475,0.31413329478286156,0.17305585387065944,323.4936871236503
Simulation_000001,Diamond,44.487058166485475,0.3414492334596322,0.17305585387065944,323.4190872609179
Simulation_000001,Diamond,44.487058166485475,0.3687651721364027,0.17305585387065944,323.28694416197504
Simulation_000001,Diamond,44.487058166485475,0.3960811108131733,0.17305585387065944,323.1521715877514
Simulation_000001,Diamond,44.487058166485475,0.42339704948994383,0.17305585387065944,323.0332831965111
Simulation_000001,Diamond,44.487058166485475,0.45071298816671446,0.17305585387065944,322.9338529112377
Simulation_000001,Diamond,44.487058166485475,0.47802892684348497,0.17305585387065944,322.8528880253814
Simulation_000001,Diamond,44.487058166485475,0.5053448655202556,0.17305585387065944,322.7884760005443
Simulation_000001,Diamond,44.487058166485475,0.5326608041970261,0.17305585387065944,322.7388547806283
Simulation_000001,Diamond,44.487058166485475,0.5599767428737967,0.17305585387065944,322.70264455735503
Simulation_000001,Diamond,44.487058166485475,0.5872926815505672,0.17305585387065944,322.6788400152202
Simulation_000001,Diamond,44.487058166485475,0.6146086202273379,0.17305585387065944,322.666751757244
Simulation_000001,Diamond,44.487058166485475,0.6419245589041084,0.17305585387065944,322.6659515127777
Simulation_000001,Diamond,44.487058166485475,0.013657969338385284,0.19341536609073703,321.5450504225749
Simulation_000001,Diamond,44.487058166485475,0.04097390801515585,0.19341536609073703,321.55736777072985
Simulation_000001,Diamond,44.487058166485475,0.06828984669192642,0.19341536609073703,321.5823786831261
Simulation_000001,Diamond,44.487058166485475,0.095605785368697,0.19341536609073703,321.6208855920821
Simulation_000001,Diamond,44.487058166485475,0.12292172404546757,0.19341536609073703,321.674227600508
Simulation_000001,Diamond,44.487058166485475,0.15023766272223815,0.19341536609073703,321.7444726887555
Simulation_000001,Diamond,44.487058166485475,0.17755360139900872,0.19341536609073703,321.8347173839032
Simulation_000001,Diamond,44.487058166485475,0.2048695400757793,0.19341536609073703,321.9494736489054
Simulation_000001,Diamond,44.487058166485475,0.23218547875254986,0.19341536609073703,322.0948081079373
Simulation_000001,Diamond,44.487058166485475,0.2595014174293204,0.19341536609073703,322.2763285009457
Simulation_000001,Diamond,44.487058166485475,0.28681735610609105,0.19341536609073703,322.4863462783377
Simulation_000001,Diamond,44.487058166485475,0.31413329478286156,0.19341536609073703,322.6490310562781
Simulation_000001,Diamond,44.487058166485475,0.3414492334596322,0.19341536609073703,322.4877292578642
Simulation_000001,Diamond,44.487058166485475,0.3687651721364027,0.19341536609073703,322.27907862468044
Simulation_000001,Diamond,44.487058166485475,0.3960811108131733,0.19341536609073703,322.0988925193289
Simulation_000001,Diamond,44.487058166485475,0.42339704948994383,0.19341536609073703,321.9548399598967
Simulation_000001,Diamond,44.487058166485475,0.45071298816671446,0.19341536609073703,321.8412895410087
Simulation_000001,Diamond,44.487058166485475,0.47802892684348497,0.19341536609073703,321.75214471021997
Simulation_000001,Diamond,44.487058166485475,0.5053448655202556,0.19341536609073703,321.68285440488563
Simulation_000001,Diamond,44.487058166485475,0.5326608041970261,0.19341536609073703,321.63026977099815
Simulation_000001,Diamond,44.487058166485475,0.5599767428737967,0.19341536609073703,321.59225158048275
Simulation_000001,Diamond,44.487058166485475,0.5872926815505672,0.19341536609073703,321.5673625712876
Simulation_000001,Diamond,44.487058166485475,0.6146086202273379,0.19341536609073703,321.55466403491084
Simulation_000001,Diamond,44.487058166485475,0.6419245589041084,0.19341536609073703,321.55358957472623
Simulation_000001,Diamond,44.487058166485475,0.013657969338385284,0.2137748783108146,320.32021075851014
Simulation_000001,Diamond,44.487058166485475,0.04097390801515585,0.2137748783108146,320.3327556213998
Simulation_000001,Diamond,44.487058166485475,0.06828984669192642,0.2137748783108146,320.35829271047027
Simulation_000001,Diamond,44.487058166485475,0.095605785368697,0.2137748783108146,320.39778745582885
Simulation_000001,Diamond,44.487058166485475,0.12292172404546757,0.2137748783108146,320.4528882616339
Simulation_000001,Diamond,44.487058166485475,0.15023766272223815,0.2137748783108146,320.52624598132167
Simulation_000001,Diamond,44.487058166485475,0.17755360139900872,0.2137748783108146,320.6221226242374
Simulation_000001,Diamond,44.487058166485475,0.2048695400757793,0.2137748783108146,320.7475872849762
Simulation_000001,Diamond,44.487058166485475,0.23218547875254986,0.2137748783108146,320.91492646193
Simulation_000001,Diamond,44.487058166485475,0.2595014174293204,0.2137748783108146,321.1460831663198
Simulation_000001,Diamond,44.487058166485475,0.28681735610609105,0.2137748783108146,321.474680657309
Simulation_000001,Diamond,44.487058166485475,0.31413329478286156,0.2137748783108146,321.8776962926575
Simulation_000001,Diamond,44.487058166485475,0.3414492334596322,0.2137748783108146,321.47600521723405
Simulation_000001,Diamond,44.487058166485475,0.3687651721364027,0.2137748783108146,321.148717420663
Simulation_000001,Diamond,44.487058166485475,0.3960811108131733,0.2137748783108146,320.9188394738652
Simulation_000001,Diamond,44.487058166485475,0.42339704948994383,0.2137748783108146,320.7527294712447
Simulation_000001,Diamond,44.487058166485475,0.45071298816671446,0.2137748783108146,320.6284214545731
Simulation_000001,Diamond,44.487058166485475,0.47802892684348497,0.2137748783108146,320.5335993441742
Simulation_000001,Diamond,44.487058166485475,0.5053448655202556,0.2137748783108146,320.46115454451876
Simulation_000001,Diamond,44.487058166485475,0.5326608041970261,0.2137748783108146,320.406770919363
Simulation_000001,Diamond,44.487058166485475,0.5599767428737967,0.2137748783108146,320.3677220995784
Simulation_000001,Diamond,44.487058166485475,0.5872926815505672,0.2137748783108146,320.3422530947809
Simulation_000001,Diamond,44.487058166485475,0.6146086202273379,0.2137748783108146,320.3292470053771
Simulation_000001,Diamond,44.487058166485475,0.6419245589041084,0.2137748783108146,320.3280403210701
Simulation_000001,Diamond,44.487058166485475,0.013657969338385284,0.2341343905308922,318.9856389602365
Simulation_000001,Diamond,44.487058166485475,0.04097390801515585,0.2341343905308922,318.99816656446075
Simulation_000001,Diamond,44.487058166485475,0.06828984669192642,0.2341343905308922,319.02370069540865
Simulation_000001,Diamond,44.487058166485475,0.095605785368697,0.2341343905308922,319.0632775722767
Simulation_000001,Diamond,44.487058166485475,0.12292172404546757,0.2341343905308922,319.11867658014495
Simulation_000001,Diamond,44.487058166485475,0.15023766272223815,0.2341343905308922,319.19279226541033
Simulation_000001,Diamond,44.487058166485475,0.17755360139900872,0.2341343905308922,319.2903866125657
Simulation_000001,Diamond,44.487058166485475,0.2048695400757793,0.2341343905308922,319.4197456902774
Simulation_000001,Diamond,44.487058166485475,0.23218547875254986,0.2341343905308922,319.59690872893844
Simulation_000001,Diamond,44.487058166485475,0.2595014174293204,0.2341343905308922,319.85902880378984
Simulation_000001,Diamond,44.487058166485475,0.28681735610609105,0.2341343905308922,320.3189970039635
Simulation_000001,Diamond,44.487058166485475,0.31413329478286156,0.2341343905308922,321.45071474693526
Simulation_000001,Diamond,44.487058166485475,0.3414492334596322,0.2341343905308922,320.3202598936274
Simulation_000001,Diamond,44.487058166485475,0.3687651721364027,0.2341343905308922,319.8615413146865
Simulation_000001,Diamond,44.487058166485475,0.3960811108131733,0.2341343905308922,319.6006432058852
Simulation_000001,Diamond,44.487058166485475,0.42339704948994383,0.2341343905308922,319.42465768108895
Simulation_000001,Diamond,44.487058166485475,0.45071298816671446,0.2341343905308922,319.2964107833434
Simulation_000001,Diamond,44.487058166485475,0.47802892684348497,0.2341343905308922,319.1998359773575
Simulation_000001,Diamond,44.487058166485475,0.5053448655202556,0.2341343905308922,319.1266100697437
Simulation_000001,Diamond,44.487058166485475,0.5326608041970261,0.2341343905308922,319.0719191276394
Simulation_000001,Diamond,44.487058166485475,0.5599767428737967,0.2341343905308922,319.0327944743531
Simulation_000001,Diamond,44.487058166485475,0.5872926815505672,0.2341343905308922,319.00734970279154
Simulation_000001,Diamond,44.487058166485475,0.6146086202273379,0.2341343905308922,318.99439327338604
Simulation_000001,Diamond,44.487058166485475,0.6419245589041084,0.2341343905308922,318.9932205798585
Simulation_000001,Diamond,44.487058166485475,0.013657969338385284,0.2544939027509698,317.5458718647583
Simulation_000001,Diamond,44.487058166485475,0.04097390801515585,0.2544939027509698,317.55811970514014
Simulation_000001,Diamond,44.487058166485475,0.06828984669192642,0.2544939027509698,317.58308203473143
Simulation_000001,Diamond,44.487058166485475,0.095605785368697,0.2544939027509698,317.6217620398047
Simulation_000001,Diamond,44.487058166485475,0.12292172404546757,0.2544939027509698,317.67586263430564
Simulation_000001,Diamond,44.487058166485475,0.15023766272223815,0.2544939027509698,317.7481031751074
Simulation_000001,Diamond,44.487058166485475,0.17755360139900872,0.2544939027509698,317.84282423584017
Simulation_000001,Diamond,44.487058166485475,0.2048695400757793,0.2544939027509698,317.96717839985195
Simulation_000001,Diamond,44.487058166485475,0.23218547875254986,0.2544939027509698,318.13353440148927
Simulation_000001,Diamond,44.487058166485475,0.2595014174293204,0.2544939027509698,318.3639094441595
Simulation_000001,Diamond,44.487058166485475,0.28681735610609105,0.2544939027509698,318.69198623252345
Simulation_000001,Diamond,44.487058166485475,0.31413329478286156,0.2544939027509698,319.0947811015988
Simulation_000001,Diamond,44.487058166485475,0.3414492334596322,0.2544939027509698,318.6931838698507
Simulation_000001,Diamond,44.487058166485475,0.3687651721364027,0.2544939027509698,318.36629362917915
Simulation_000001,Diamond,44.487058166485475,0.3960811108131733,0.2544939027509698,318.13708203623185
Simulation_000001,Diamond,44.487058166485475,0.42339704948994383,0.2544939027509698,317.9718523752763
Simulation_000001,Diamond,44.487058166485475,0.45071298816671446,0.2544939027509698,317.8485699741057
Simulation_000001,Diamond,44.487058166485475,0.47802892684348497,0.2544939027509698,317.75484305628817
Simulation_000001,Diamond,44.487058166485475,0.5053448655202556,0.2544939027509698,317.68348722476776
Simulation_000001,Diamond,44.487058166485475,0.5326608041970261,0.2544939027509698,317.6301164342743
Simulation_000001,Diamond,44.487058166485475,0.5599767428737967,0.2544939027509698,317.5919447935459
Simulation_000001,Diamond,44.487058166485475,0.5872926815505672,0.2544939027509698,317.56717079126526
Simulation_000001,Diamond,44.487058166485475,0.6146086202273379,0.2544939027509698,317.55464465588966
Simulation_000001,Diamond,44.487058166485475,0.6419245589041084,0.2544939027509698,317.55368265072553
Simulation_000001,Diamond,44.487058166485475,0.013657969338385284,0.27485341497104737,316.00615085124434
Simulation_000001,Diamond,44.487058166485475,0.04097390801515585,0.27485341497104737,316.0178630247746
Simulation_000001,Diamond,44.487058166485475,0.06828984669192642,0.27485341497104737,316.04170264577647
Simulation_000001,Diamond,44.487058166485475,0.095605785368697,0.27485341497104737,316.078548678472
Simulation_000001,Diamond,44.487058166485475,0.12292172404546757,0.27485341497104737,316.1298508712661
Simulation_000001,Diamond,44.487058166485475,0.15023766272223815,0.27485341497104737,316.19781650917076
Simulation_000001,Diamond,44.487058166485475,0.17755360139900872,0.27485341497104737,316.28570222646
Simulation_000001,Diamond,44.487058166485475,0.2048695400757793,0.27485341497104737,316.39819052366767
Simulation_000001,Diamond,44.487058166485475,0.23218547875254986,0.27485341497104737,316.54151639178815
Simulation_000001,Diamond,44.487058166485475,0.2595014174293204,0.27485341497104737,316.7214397861083
Simulation_000001,Diamond,44.487058166485475,0.28681735610609105,0.27485341497104737,316.93039431083827
Simulation_000001,Diamond,44.487058166485475,0.31413329478286156,0.27485341497104737,317.09262972227003
Simulation_000001,Diamond,44.487058166485475,0.3414492334596322,0.27485341497104737,316.931522516008
Simulation_000001,Diamond,44.487058166485475,0.3687651721364027,0.27485341497104737,316.7236877595861
Simulation_000001,Diamond,44.487058166485475,0.3960811108131733,0.27485341497104737,316.5448666473498
Simulation_000001,Diamond,44.487058166485475,0.42339704948994383,0.27485341497104737,316.4026151648888
Simulation_000001,Diamond,44.487058166485475,0.45071298816671446,0.27485341497104737,316.29116052259747
Simulation_000001,Diamond,44.487058166485475,0.47802892684348497,0.27485341497104737,316.20425082114303
Simulation_000001,Diamond,44.487058166485475,0.5053448655202556,0.27485341497104737,316.13717991808875
Simulation_000001,Diamond,44.487058166485475,0.5326608041970261,0.27485341497104737,316.0866564961725
Simulation_000001,Diamond,44.487058166485475,0.5599767428737967,0.27485341497104737,316.05042068851196
Simulation_000001,Diamond,44.487058166485475,0.5872926815505672,0.27485341497104737,316.0269417045373
Simulation_000001,Diamond,44.487058166485475,0.6146086202273379,0.27485341497104737,316.0152155461629
Simulation_000001,Diamond,44.487058166485475,0.6419245589041084,0.27485341497104737,316.01463630419784
Simulation_000001,Diamond,44.487058166485475,0.013657969338385284,0.2952129271911249,314.3724266697274
Simulation_000001,Diamond,44.487058166485475,0.04097390801515585,0.2952129271911249,314.38337558165
Simulation_000001,Diamond,44.487058166485475,0.06828984669192642,0.2952129271911249,314.40561015074076
Simulation_000001,Diamond,44.487058166485475,0.095605785368697,0.2952129271911249,314.4398251296078
Simulation_000001,Diamond,44.487058166485475,0.12292172404546757,0.2952129271911249,314.4871126559224
Simulation_000001,Diamond,44.487058166485475,0.15023766272223815,0.2952129271911249,314.54900498095344
Simulation_000001,Diamond,44.487058166485475,0.17755360139900872,0.2952129271911249,314.62746469058334
Simulation_000001,Diamond,44.487058166485475,0.2048695400757793,0.2952129271911249,314.7246328911831
Simulation_000001,Diamond,44.487058166485475,0.23218547875254986,0.2952129271911249,314.84173624707245
Simulation_000001,Diamond,44.487058166485475,0.2595014174293204,0.2952129271911249,314.97541586637305
Simulation_000001,Diamond,44.487058166485475,0.28681735610609105,0.2952129271911249,315.1073302517296
Simulation_000001,Diamond,44.487058166485475,0.31413329478286156,0.2952129271911249,315.1826742655004
Simulation_000001,Diamond,44.487058166485475,0.3414492334596322,0.2952129271911249,315.1083840402364
Simulation_000001,Diamond,44.487058166485475,0.3687651721364027,0.2952129271911249,314.9775179663854
Simulation_000001,Diamond,44.487058166485475,0.3960811108131733,0.2952129271911249,314.8448754874527
Simulation_000001,Diamond,44.487058166485475,0.42339704948994383,0.2952129271911249,314.72879188901663
Simulation_000001,Diamond,44.487058166485475,0.45071298816671446,0.2952129271911249,314.63261882346075
Simulation_000001,Diamond,44.487058166485475,0.47802892684348497,0.2952129271911249,314.55512041761784
Simulation_000001,Diamond,44.487058166485475,0.5053448655202556,0.2952129271911249,314.49414262476085
Simulation_000001,Diamond,44.487058166485475,0.5326608041970261,0.2952129271911249,314.44770295955436
Simulation_000001,Diamond,44.487058166485475,0.5599767428737967,0.2952129271911249,314.4142366377233
Simulation_000001,Diamond,44.487058166485475,0.5872926815505672,0.2952129271911249,314.39259692740757
Simulation_000001,Diamond,44.487058166485475,0.6146086202273379,0.2952129271911249,314.3819978860958
Simulation_000001,Diamond,44.487058166485475,0.6419245589041084,0.2952129271911249,314.3819547006151
Simulation_000001,Diamond,44.487058166485475,0.013657969338385284,0.3155724394112025,312.65134332456296
Simulation_000001,Diamond,44.487058166485475,0.04097390801515585,0.3155724394112025,312.6613447582076
Simulation_000001,Diamond,44.487058166485475,0.06828984669192642,0.3155724394112025,312.6815937933507
Simulation_000001,Diamond,44.487058166485475,0.095605785368697,0.3155724394112025,312.71257863852935
Simulation_000001,Diamond,44.487058166485475,0.12292172404546757,0.3155724394112025,312.75500943936487
Simulation_000001,Diamond,44.487058166485475,0.15023766272223815,0.3155724394112025,312.8097480600803
Simulation_000001,Diamond,44.487058166485475,0.17755360139900872,0.3155724394112025,312.8776020564552
Simulation_000001,Diamond,44.487058166485475,0.2048695400757793,0.3155724394112025,312.9587774149919
Simulation_000001,Diamond,44.487058166485475,0.23218547875254986,0.3155724394112025,313.05153101467823
Simulation_000001,Diamond,44.487058166485475,0.2595014174293204,0.3155724394112025,313.1491601786398
Simulation_000001,Diamond,44.487058166485475,0.28681735610609105,0.3155724394112025,313.2344809460672
Simulation_000001,Diamond,44.487058166485475,0.31413329478286156,0.3155724394112025,313.27463012276985
Simulation_000001,Diamond,44.487058166485475,0.3414492334596322,0.3155724394112025,313.2354544133234
Simulation_000001,Diamond,44.487058166485475,0.3687651721364027,0.3155724394112025,313.1511046867087
Simulation_000001,Diamond,44.487058166485475,0.3960811108131733,0.3155724394112025,313.0544419478331
Simulation_000001,Diamond,44.487058166485475,0.42339704948994383,0.3155724394112025,312.96264843444965
Simulation_000001,Diamond,44.487058166485475,0.45071298816671446,0.3155724394112025,312.88242574276785
Simulation_000001,Diamond,44.487058166485475,0.47802892684348497,0.3155724394112025,312.8155165452478
Simulation_000001,Diamond,44.487058166485475,0.5053448655202556,0.3155724394112025,312.76171453610334
Simulation_000001,Diamond,44.487058166485475,0.5326608041970261,0.3155724394112025,312.7202103669857
Simulation_000001,Diamond,44.487058166485475,0.5599767428737967,0.3155724394112025,312.69013513834705
Simulation_000001,Diamond,44.487058166485475,0.5872926815505672,0.3155724394112025,312.6707588767807
Simulation_000001,Diamond,44.487058166485475,0.6146086202273379,0.3155724394112025,312.66154756051895
Simulation_000001,Diamond,44.487058166485475,0.6419245589041084,0.3155724394112025,312.6621635497753
Simulation_000001,Diamond,44.487058166485475,0.013657969338385284,0.3359319516312801,310.85020378029867
Simulation_000001,Diamond,44.487058166485475,0.04097390801515585,0.3359319516312801,310.8591235765953
Simulation_000001,Diamond,44.487058166485475,0.06828984669192642,0.3359319516312801,310.8771208367919
Simulation_000001,Diamond,44.487058166485475,0.095605785368697,0.3359319516312801,310.9044879776009
Simulation_000001,Diamond,44.487058166485475,0.12292172404546757,0.3359319516312801,310.94159157443937
Simulation_000001,Diamond,44.487058166485475,0.15023766272223815,0.3359319516312801,310.98873684283683
Simulation_000001,Diamond,44.487058166485475,0.17755360139900872,0.3359319516312801,311.0458795332894
Simulation_000001,Diamond,44.487058166485475,0.2048695400757793,0.3359319516312801,311.11203829044007
Simulation_000001,Diamond,44.487058166485475,0.23218547875254986,0.3359319516312801,311.1841718109147
Simulation_000001,Diamond,44.487058166485475,0.2595014174293204,0.3359319516312801,311.25530040676045
Simulation_000001,Diamond,44.487058166485475,0.28681735610609105,0.3359319516312801,311.3122847073163
Simulation_000001,Diamond,44.487058166485475,0.31413329478286156,0.3359319516312801,311.33620961723676
Simulation_000001,Diamond,44.487058166485475,0.3414492334596322,0.3359319516312801,311.31317103152816
Simulation_000001,Diamond,44.487058166485475,0.3687651721364027,0.3359319516312801,311.2570735208784
Simulation_000001,Diamond,44.487058166485475,0.3960811108131733,0.3359319516312801,311.1868333537456
Simulation_000001,Diamond,44.487058166485475,0.42339704948994383,0.3359319516312801,311.11559257542035
Simulation_000001,Diamond,44.487058166485475,0.45071298816671446,0.3359319516312801,311.0503359954294
Simulation_000001,Diamond,44.487058166485475,0.47802892684348497,0.3359319516312801,310.99411358316627
Simulation_000001,Diamond,44.487058166485475,0.5053448655202556,0.3359319516312801,310.9479200015235
Simulation_000001,Diamond,44.487058166485475,0.5326608041970261,0.3359319516312801,310.9118180642935
Simulation_000001,Diamond,44.487058166485475,0.5599767428737967,0.3359319516312801,310.88552540505464
Simulation_000001,Diamond,44.487058166485475,0.5872926815505672,0.3359319516312801,310.8686979383307
Simulation_000001,Diamond,44.487058166485475,0.6146086202273379,0.3359319516312801,310.86105398138267
Simulation_000001,Diamond,44.487058166485475,0.6419245589041084,0.3359319516312801,310.86241412803776
Simulation_000001,Diamond,44.487058166485475,0.013657969338385284,0.3562914638513577,308.97692155701037
Simulation_000001,Diamond,44.487058166485475,0.04097390801515585,0.3562914638513577,308.9846744478208
Simulation_000001,Diamond,44.487058166485475,0.06828984669192642,0.3562914638513577,309.00026193554487
Simulation_000001,Diamond,44.487058166485475,0.095605785368697,0.3562914638513577,309.0238139322523
Simulation_000001,Diamond,44.487058166485475,0.12292172404546757,0.3562914638513577,309.0554282021659
Simulation_000001,Diamond,44.487058166485475,0.15023766272223815,0.3562914638513577,309.095012721665
Simulation_000001,Diamond,44.487058166485475,0.17755360139900872,0.3562914638513577,309.14199717576133
Simulation_000001,Diamond,44.487058166485475,0.2048695400757793,0.3562914638513577,309.19483590632177
Simulation_000001,Diamond,44.487058166485475,0.23218547875254986,0.3562914638513577,309.25023225231934
Simulation_000001,Diamond,44.487058166485475,0.2595014174293204,0.3562914638513577,309.30216289299545
Simulation_000001,Diamond,44.487058166485475,0.28681735610609105,0.3562914638513577,309.34131927598736
Simulation_000001,Diamond,44.487058166485475,0.31413329478286156,0.3562914638513577,309.35674182383485
Simulation_000001,Diamond,44.487058166485475,0.3414492334596322,0.3562914638513577,309.3421108566824
Simulation_000001,Diamond,44.487058166485475,0.3687651721364027,0.3562914638513577,309.30374899580505
Simulation_000001,Diamond,44.487058166485475,0.3960811108131733,0.3562914638513577,309.2526198998647
Simulation_000001,Diamond,44.487058166485475,0.42339704948994383,0.3562914638513577,309.1980386748804
Simulation_000001,Diamond,44.487058166485475,0.45071298816671446,0.3562914638513577,309.14603938990257
Simulation_000001,Diamond,44.487058166485475,0.47802892684348497,0.3562914638513577,309.0999359445767
Simulation_000001,Diamond,44.487058166485475,0.5053448655202556,0.3562914638513577,309.0613006933665
Simulation_000001,Diamond,44.487058166485475,0.5326608041970261,0.3562914638513577,309.0307435522714
Simulation_000001,Diamond,44.487058166485475,0.5599767428737967,0.3562914638513577,309.008412031105
Simulation_000001,Diamond,44.487058166485475,0.5872926815505672,0.3562914638513577,308.9942797037571
Simulation_000001,Diamond,44.487058166485475,0.6146086202273379,0.3562914638513577,308.9882956643317
Simulation_000001,Diamond,44.487058166485475,0.6419245589041084,0.3562914638513577,308.9904414656954
Simulation_000001,Diamond,44.487058166485475,0.013657969338385284,0.3766509760714353,307.0399623325479
Simulation_000001,Diamond,44.487058166485475,0.04097390801515585,0.3766509760714353,307.0465049634956
Simulation_000001,Diamond,44.487058166485475,0.06828984669192642,0.3766509760714353,307.05961441068524
Simulation_000001,Diamond,44.487058166485475,0.095605785368697,0.3766509760714353,307.07930239325583
Simulation_000001,Diamond,44.487058166485475,0.12292172404546757,0.3766509760714353,307.1054849763452
Simulation_000001,Diamond,44.487058166485475,0.15023766272223815,0.3766509760714353,307.13783260622125
Simulation_000001,Diamond,44.487058166485475,0.17755360139900872,0.3766509760714353,307.17552440447787
Simulation_000001,Diamond,44.487058166485475,0.2048695400757793,0.3766509760714353,307.2168806700687
Simulation_000001,Diamond,44.487058166485475,0.23218547875254986,0.3766509760714353,307.2588907781352
Simulation_000001,Diamond,44.487058166485475,0.2595014174293204,0.3766509760714353,307.2967975438249
Simulation_000001,Diamond,44.487058166485475,0.28681735610609105,0.3766509760714353,307.324214976794
Simulation_000001,Diamond,44.487058166485475,0.31413329478286156,0.3766509760714353,307.33464399267046
Simulation_000001,Diamond,44.487058166485475,0.3414492334596322,0.3766509760714353,307.3249037131181
Simulation_000001,Diamond,44.487058166485475,0.3687651721364027,0.3766509760714353,307.2981797802417
Simulation_000001,Diamond,44.487058166485475,0.3960811108131733,0.3766509760714353,307.2609775161732
Simulation_000001,Diamond,44.487058166485475,0.42339704948994383,0.3766509760714353,307.21969239332236
Simulation_000001,Diamond,44.487058166485475,0.45071298816671446,0.3766509760714353,307.17909672656526
Simulation_000001,Diamond,44.487058166485475,0.47802892684348497,0.3766509760714353,307.1422253630697
Simulation_000001,Diamond,44.487058166485475,0.5053448655202556,0.3766509760714353,307.11079626549935
Simulation_000001,Diamond,44.487058166485475,0.5326608041970261,0.3766509760714353,307.08568941734774
Simulation_000001,Diamond,44.487058166485475,0.5599767428737967,0.3766509760714353,307.0673226660194
Simulation_000001,Diamond,44.487058166485475,0.5872926815505672,0.3766509760714353,307.0559048540786
Simulation_000001,Diamond,44.487058166485475,0.6146086202273379,0.3766509760714353,307.05158473863526
Simulation_000001,Diamond,44.487058166485475,0.6419245589041084,0.3766509760714353,307.05450891360545
Simulation_000001,Diamond,44.487058166485475,0.013657969338385284,0.3970104882915128,305.0482789052399
Simulation_000001,Diamond,44.487058166485475,0.04097390801515585,0.3970104882915128,305.0535995811559
Simulation_000001,Diamond,44.487058166485475,0.06828984669192642,0.3970104882915128,305.0642278132761
Simulation_000001,Diamond,44.487058166485475,0.095605785368697,0.3970104882915128,305.08010306110657
Simulation_000001,Diamond,44.487058166485475,0.12292172404546757,0.3970104882915128,305.10104260566294
Simulation_000001,Diamond,44.487058166485475,0.15023766272223815,0.3970104882915128,305.12661537814256
Simulation_000001,Diamond,44.487058166485475,0.17755360139900872,0.3970104882915128,305.1559535584814
Simulation_000001,Diamond,44.487058166485475,0.2048695400757793,0.3970104882915128,305.18750512078014
Simulation_000001,Diamond,44.487058166485475,0.23218547875254986,0.3970104882915128,305.21877585319777
Simulation_000001,Diamond,44.487058166485475,0.2595014174293204,0.3970104882915128,305.24620883707854
Simulation_000001,Diamond,44.487058166485475,0.28681735610609105,0.3970104882915128,305.2654982748153
Simulation_000001,Diamond,44.487058166485475,0.31413329478286156,0.3970104882915128,305.27269917704837
Simulation_000001,Diamond,44.487058166485475,0.3414492334596322,0.3970104882915128,305.26607597111973
Simulation_000001,Diamond,44.487058166485475,0.3687651721364027,0.3970104882915128,305.2473699799615
Simulation_000001,Diamond,44.487058166485475,0.3960811108131733,0.3970104882915128,305.22053359448864
Simulation_000001,Diamond,44.487058166485475,0.42339704948994383,0.3970104882915128,305.1898836929781
Simulation_000001,Diamond,44.487058166485475,0.45071298816671446,0.3970104882915128,305.15899481862914
Simulation_000001,Diamond,44.487058166485475,0.47802892684348497,0.3970104882915128,305.1303896922742
Simulation_000001,Diamond,44.487058166485475,0.5053448655202556,0.3970104882915128,305.1056664652251
Simulation_000001,Diamond,44.487058166485475,0.5326608041970261,0.3970104882915128,305.0857670363046
Simulation_000001,Diamond,44.487058166485475,0.5599767428737967,0.3970104882915128,305.07123958059304
Simulation_000001,Diamond,44.487058166485475,0.5872926815505672,0.3970104882915128,305.0624460250917
Simulation_000001,Diamond,44.487058166485475,0.6146086202273379,0.3970104882915128,305.0597030550225
Simulation_000001,Diamond,44.487058166485475,0.6419245589041084,0.3970104882915128,305.0633392464287
Simulation_000001,Diamond,44.487058166485475,0.013657969338385284,0.4173700005115904,303.01124183069743
Simulation_000001,Diamond,44.487058166485475,0.04097390801515585,0.4173700005115904,303.01534927633884
Simulation_000001,Diamond,44.487058166485475,0.06828984669192642,0.4173700005115904,303.0235326782738
Simulation_000001,Diamond,44.487058166485475,0.095605785368697,0.4173700005115904,303.0357005352451
Simulation_000001,Diamond,44.487058166485475,0.12292172404546757,0.4173700005115904,303.05164110990967
Simulation_000001,Diamond,44.487058166485475,0.15023766272223815,0.4173700005115904,303.0709260832252
Simulation_000001,Diamond,44.487058166485475,0.17755360139900872,0.4173700005115904,303.09277772102337
Simulation_000001,Diamond,44.487058166485475,0.2048695400757793,0.4173700005115904,303.11591453636123
Simulation_000001,Diamond,44.487058166485475,0.23218547875254986,0.4173700005115904,303.13842525420614
Simulation_000001,Diamond,44.487058166485475,0.2595014174293204,0.4173700005115904,303.1577785082377
Simulation_000001,Diamond,44.487058166485475,0.28681735610609105,0.4173700005115904,303.1711319424194
Simulation_000001,Diamond,44.487058166485475,0.31413329478286156,0.4173700005115904,303.1760675269675
Simulation_000001,Diamond,44.487058166485475,0.3414492334596322,0.4173700005115904,303.1715908101095
Simulation_000001,Diamond,44.487058166485475,0.3687651721364027,0.4173700005115904,303.1587020492226
Simulation_000001,Diamond,44.487058166485475,0.3960811108131733,0.4173700005115904,303.1398267054363
Simulation_000001,Diamond,44.487058166485475,0.42339704948994383,0.4173700005115904,303.1178182273293
Simulation_000001,Diamond,44.487058166485475,0.45071298816671446,0.4173700005115904,303.09522571080277
Simulation_000001,Diamond,44.487058166485475,0.47802892684348497,0.4173700005115904,303.0739895292208
Simulation_000001,Diamond,44.487058166485475,0.5053448655202556,0.4173700005115904,303.055439481207
Simulation_000001,Diamond,44.487058166485475,0.5326608041970261,0.4173700005115904,303.040434066558
Simulation_000001,Diamond,44.487058166485475,0.5599767428737967,0.4173700005115904,303.0295370345997
Simulation_000001,Diamond,44.487058166485475,0.5872926815505672,0.4173700005115904,303.0231855137364
Simulation_000001,Diamond,44.487058166485475,0.6146086202273379,0.4173700005115904,303.02183274408515
Simulation_000001,Diamond,44.487058166485475,0.6419245589041084,0.4173700005115904,303.02603001569116
Simulation_000001,Diamond,44.487058166485475,0.013657969338385284,0.437729512731668,300.93856712626007
Simulation_000001,Diamond,44.487058166485475,0.04097390801515585,0.437729512731668,300.9414799598223
Simulation_000001,Diamond,44.487058166485475,0.06828984669192642,0.437729512731668,300.947271519143
Simulation_000001,Diamond,44.487058166485475,0.095605785368697,0.437729512731668,300.9558526173118
Simulation_000001,Diamond,44.487058166485475,0.12292172404546757,0.437729512731668,300.96703576594024
Simulation_000001,Diamond,44.487058166485475,0.15023766272223815,0.437729512731668,300.98046887709205
Simulation_000001,Diamond,44.487058166485475,0.17755360139900872,0.437729512731668,300.99554969650353
Simulation_000001,Diamond,44.487058166485475,0.2048695400757793,0.437729512731668,301.0113369390274
Simulation_000001,Diamond,44.487058166485475,0.23218547875254986,0.437729512731668,301.0264965439991
Simulation_000001,Diamond,44.487058166485475,0.2595014174293204,0.437729512731668,301.03935069036055
Simulation_000001,Diamond,44.487058166485475,0.28681735610609105,0.437729512731668,301.04811174815126
Simulation_000001,Diamond,44.487058166485475,0.31413329478286156,0.437729512731668,301.05133339053197
Simulation_000001,Diamond,44.487058166485475,0.3414492334596322,0.437729512731668,301.0484449547017
Simulation_000001,Diamond,44.487058166485475,0.3687651721364027,0.437729512731668,301.0400220505331
Simulation_000001,Diamond,44.487058166485475,0.3960811108131733,0.437729512731668,301.0275173295062
Simulation_000001,Diamond,44.487058166485475,0.42339704948994383,0.437729512731668,301.0127278766572
Simulation_000001,Diamond,44.487058166485475,0.45071298816671446,0.437729512731668,300.9973467362866
Simulation_000001,Diamond,44.487058166485475,0.47802892684348497,0.437729512731668,300.98273333222267
Simulation_000001,Diamond,44.487058166485475,0.5053448655202556,0.437729512731668,300.9698721430307
Simulation_000001,Diamond,44.487058166485475,0.5326608041970261,0.437729512731668,300.9594406053597
Simulation_000001,Diamond,44.487058166485475,0.5599767428737967,0.437729512731668,300.9519250379777
Simulation_000001,Diamond,44.487058166485475,0.5872926815505672,0.437729512731668,300.9477588314464
Simulation_000001,Diamond,44.487058166485475,0.6146086202273379,0.437729512731668,300.94748654843386
Simulation_000001,Diamond,44.487058166485475,0.6419245589041084,0.437729512731668,300.951945552884
Simulation_000001,Diamond,44.487058166485475,0.013657969338385284,0.4580890249517456,298.8402418197538
Simulation_000001,Diamond,44.487058166485475,0.04097390801515585,0.4580890249517456,298.84197979684075
Simulation_000001,Diamond,44.487058166485475,0.06828984669192642,0.4580890249517456,298.84543060745284
Simulation_000001,Diamond,44.487058166485475,0.095605785368697,0.4580890249517456,298.8505312601849
Simulation_000001,Diamond,44.487058166485475,0.12292172404546757,0.4580890249517456,298.85715516262724
Simulation_000001,Diamond,44.487058166485475,0.15023766272223815,0.4580890249517456,298.8650737691144
Simulation_000001,Diamond,44.487058166485475,0.17755360139900872,0.4580890249517456,298.87390942442863
Simulation_000001,Diamond,44.487058166485475,0.2048695400757793,0.4580890249517456,298.88309064827325
Simulation_000001,Diamond,44.487058166485475,0.23218547875254986,0.4580890249517456,298.8918331242321
Simulation_000001,Diamond,44.487058166485475,0.2595014174293204,0.4580890249517456,298.89918239988907
Simulation_000001,Diamond,44.487058166485475,0.28681735610609105,0.4580890249517456,298.90415480271446
Simulation_000001,Diamond,44.487058166485475,0.31413329478286156,0.4580890249517456,298.9059787519293
Simulation_000001,Diamond,44.487058166485475,0.3414492334596322,0.4580890249517456,298.90435700467935
Simulation_000001,Diamond,44.487058166485475,0.3687651721364027,0.4580890249517456,298.8995901194488
Simulation_000001,Diamond,44.487058166485475,0.3960811108131733,0.4580890249517456,298.8924539171323
Simulation_000001,Diamond,44.487058166485475,0.42339704948994383,0.4580890249517456,298.883938425347
Simulation_000001,Diamond,44.487058166485475,0.45071298816671446,0.4580890249517456,298.8750083972202
Simulation_000001,Diamond,44.487058166485475,0.47802892684348497,0.4580890249517456,298.8664655290168
Simulation_000001,Diamond,44.487058166485475,0.5053448655202556,0.4580890249517456,298.8589115473284
Simulation_000001,Diamond,44.487058166485475,0.5326608041970261,0.4580890249517456,298.8527787235572
Simulation_000001,Diamond,44.487058166485475,0.5599767428737967,0.4580890249517456,298.84839946213265
Simulation_000001,Diamond,44.487058166485475,0.5872926815505672,0.4580890249517456,298.8461125071136
Simulation_000001,Diamond,44.487058166485475,0.6146086202273379,0.4580890249517456,298.84645305007643
Simulation_000001,Diamond,44.487058166485475,0.6419245589041084,0.4580890249517456,298.85056550339937
Simulation_000001,Diamond,44.487058166485475,0.013657969338385284,0.4784485371718231,296.7264478177918
Simulation_000001,Diamond,44.487058166485475,0.04097390801515585,0.4784485371718231,296.7270253927061
Simulation_000001,Diamond,44.487058166485475,0.06828984669192642,0.4784485371718231,296.7281713801808
Simulation_000001,Diamond,44.487058166485475,0.095605785368697,0.4784485371718231,296.72986321258094
Simulation_000001,Diamond,44.487058166485475,0.12292172404546757,0.4784485371718231,296.7320563887794
Simulation_000001,Diamond,44.487058166485475,0.15023766272223815,0.4784485371718231,296.7346719674002
Simulation_000001,Diamond,44.487058166485475,0.17755360139900872,0.4784485371718231,296.73758158392434
Simulation_000001,Diamond,44.487058166485475,0.2048695400757793,0.4784485371718231,296.7405939714121
Simulation_000001,Diamond,44.487058166485475,0.23218547875254986,0.4784485371718231,296.74345069160387
Simulation_000001,Diamond,44.487058166485475,0.2595014174293204,0.4784485371718231,296.7458422515328
Simulation_000001,Diamond,44.487058166485475,0.28681735610609105,0.4784485371718231,296.7474547821436
Simulation_000001,Diamond,44.487058166485475,0.31413329478286156,0.4784485371718231,296.7480457004777
Simulation_000001,Diamond,44.487058166485475,0.3414492334596322,0.4784485371718231,296.7475225729861
Simulation_000001,Diamond,44.487058166485475,0.3687651721364027,0.4784485371718231,296.7459789992616
Simulation_000001,Diamond,44.487058166485475,0.3960811108131733,0.4784485371718231,296.7436590540899
Simulation_000001,Diamond,44.487058166485475,0.42339704948994383,0.4784485371718231,296.7408788463707
Simulation_000001,Diamond,44.487058166485475,0.45071298816671446,0.4784485371718231,296.7379515140135
Simulation_000001,Diamond,44.487058166485475,0.47802892684348497,0.4784485371718231,296.7351416913121
Simulation_000001,Diamond,44.487058166485475,0.5053448655202556,0.4784485371718231,296.73265157603015
Simulation_000001,Diamond,44.487058166485475,0.5326608041970261,0.4784485371718231,296.7306297949673
Simulation_000001,Diamond,44.487058166485475,0.5599767428737967,0.4784485371718231,296.72919600889725
Simulation_000001,Diamond,44.487058166485475,0.5872926815505672,0.4784485371718231,296.72848885829984
Simulation_000001,Diamond,44.487058166485475,0.6146086202273379,0.4784485371718231,296.72880498222975
Simulation_000001,Diamond,44.487058166485475,0.6419245589041084,0.4784485371718231,296.7312376356081
