x_m,y_m,time_s,temperature_K
0.0,0.0,0.0,301.3475893998171
0.1111111111111111,0.0,0.0,303.6181819920126
0.2222222222222222,0.0,0.0,307.5890956057212
0.3333333333333333,0.0,0.0,312.43530480442325
0.4444444444444444,0.0,0.0,315.9180417789711
0.5555555555555556,0.0,0.0,315.9180417789711
0.6666666666666666,0.0,0.0,312.43530480442325
0.7777777777777777,0.0,0.0,307.5890956057212
0.8888888888888888,0.0,0.0,303.6181819920126
1.0,0.0,0.0,301.3475893998171
0.0,0.1111111111111111,0.0,303.6181819920126
0.1111111111111111,0.1111111111111111,0.0,309.71456211298545
0.2222222222222222,0.1111111111111111,0.0,320.37618362092263
0.3333333333333333,0.1111111111111111,0.0,333.3879117145462
0.4444444444444444,0.1111111111111111,0.0,342.7388135589327
0.5555555555555556,0.1111111111111111,0.0,342.7388135589327
0.6666666666666666,0.1111111111111111,0.0,333.3879117145462
0.7777777777777777,0.1111111111111111,0.0,320.37618362092263
0.8888888888888888,0.1111111111111111,0.0,309.71456211298545
1.0,0.1111111111111111,0.0,303.6181819920126
0.0,0.2222222222222222,0.0,307.5890956057212
0.1111111111111111,0.2222222222222222,0.0,320.37618362092263
0.2222222222222222,0.2222222222222222,0.0,342.7388135589327
0.3333333333333333,0.2222222222222222,0.0,370.030765350233
0.4444444444444444,0.2222222222222222,0.0,389.6441756909579
0.5555555555555556,0.2222222222222222,0.0,389.6441756909579
0.6666666666666666,0.2222222222222222,0.0,370.0307653502331
0.7777777777777777,0.2222222222222222,0.0,342.7388135589327
0.8888888888888888,0.2222222222222222,0.0,320.37618362092263
1.0,0.2222222222222222,0.0,307.5890956057212
0.0,0.3333333333333333,0.0,312.43530480442325
0.1111111111111111,0.3333333333333333,0.0,333.3879117145462
0.2222222222222222,0.3333333333333333,0.0,370.030765350233
0.3333333333333333,0.3333333333333333,0.0,414.75068414748654
0.4444444444444444,0.3333333333333333,0.0,446.88873438594624
0.5555555555555556,0.3333333333333333,0.0,446.88873438594624
0.6666666666666666,0.3333333333333333,0.0,414.75068414748654
0.7777777777777777,0.3333333333333333,0.0,370.0307653502331
0.8888888888888888,0.3333333333333333,0.0,333.38791171454625
1.0,0.3333333333333333,0.0,312.43530480442325
0.0,0.4444444444444444,0.0,315.9180417789711
0.1111111111111111,0.4444444444444444,0.0,342.7388135589327
0.2222222222222222,0.4444444444444444,0.0,389.6441756909579
0.3333333333333333,0.4444444444444444,0.0,446.88873438594624
0.4444444444444444,0.4444444444444444,0.0,488.0276396589803
0.5555555555555556,0.4444444444444444,0.0,488.0276396589803
0.6666666666666666,0.4444444444444444,0.0,446.88873438594624
0.7777777777777777,0.4444444444444444,0.0,389.64417569095804
0.8888888888888888,0.4444444444444444,0.0,342.7388135589327
1.0,0.4444444444444444,0.0,315.9180417789711
0.0,0.5555555555555556,0.0,315.9180417789711
0.1111111111111111,0.5555555555555556,0.0,342.7388135589327
0.2222222222222222,0.5555555555555556,0.0,389.6441756909579
0.3333333333333333,0.5555555555555556,0.0,446.88873438594624
0.4444444444444444,0.5555555555555556,0.0,488.0276396589803
0.5555555555555556,0.5555555555555556,0.0,488.0276396589803
0.6666666666666666,0.5555555555555556,0.0,446.88873438594624
0.7777777777777777,0.5555555555555556,0.0,389.64417569095804
0.8888888888888888,0.5555555555555556,0.0,342.7388135589327
1.0,0.5555555555555556,0.0,315.9180417789711
0.0,0.6666666666666666,0.0,312.43530480442325
0.1111111111111111,0.6666666666666666,0.0,333.3879117145462
0.2222222222222222,0.6666666666666666,0.0,370.0307653502331
0.3333333333333333,0.6666666666666666,0.0,414.75068414748654
0.4444444444444444,0.6666666666666666,0.0,446.88873438594624
0.5555555555555556,0.6666666666666666,0.0,446.88873438594624
0.6666666666666666,0.6666666666666666,0.0,414.7506841474866
0.7777777777777777,0.6666666666666666,0.0,370.0307653502331
0.8888888888888888,0.6666666666666666,0.0,333.38791171454625
1.0,0.6666666666666666,0.0,312.43530480442325
0.0,0.7777777777777777,0.0,307.5890956057212
0.1111111111111111,0.7777777777777777,0.0,320.37618362092263
0.2222222222222222,0.7777777777777777,0.0,342.7388135589327
0.3333333333333333,0.7777777777777777,0.0,370.0307653502331
0.4444444444444444,0.7777777777777777,0.0,389.64417569095804
0.5555555555555556,0.7777777777777777,0.0,389.64417569095804
0.6666666666666666,0.7777777777777777,0.0,370.0307653502331
0.7777777777777777,0.7777777777777777,0.0,342.73881355893275
0.8888888888888888,0.7777777777777777,0.0,320.3761836209227
1.0,0.7777777777777777,0.0,307.5890956057212
0.0,0.8888888888888888,0.0,303.6181819920126
0.1111111111111111,0.8888888888888888,0.0,309.71456211298545
0.2222222222222222,0.8888888888888888,0.0,320.37618362092263
0.3333333333333333,0.8888888888888888,0.0,333.38791171454625
0.4444444444444444,0.8888888888888888,0.0,342.7388135589327
0.5555555555555556,0.8888888888888888,0.0,342.7388135589327
0.6666666666666666,0.8888888888888888,0.0,333.38791171454625
0.7777777777777777,0.8888888888888888,0.0,320.3761836209227
0.8888888888888888,0.8888888888888888,0.0,309.71456211298545
1.0,0.8888888888888888,0.0,303.6181819920126
0.0,1.0,0.0,301.3475893998171
0.1111111111111111,1.0,0.0,303.6181819920126
0.2222222222222222,1.0,0.0,307.5890956057212
0.3333333333333333,1.0,0.0,312.43530480442325
0.4444444444444444,1.0,0.0,315.9180417789711
0.5555555555555556,1.0,0.0,315.9180417789711
0.6666666666666666,1.0,0.0,312.43530480442325
0.7777777777777777,1.0,0.0,307.5890956057212
0.8888888888888888,1.0,0.0,303.6181819920126
1.0,1.0,0.0,301.3475893998171
0.0,0.0,11.11111111111111,400.0
0.1111111111111111,0.0,11.11111111111111,400.0
0.2222222222222222,0.0,11.11111111111111,400.0
0.3333333333333333,0.0,11.11111111111111,400.0
0.4444444444444444,0.0,11.11111111111111,400.0
0.5555555555555556,0.0,11.11111111111111,400.0
0.6666666666666666,0.0,11.11111111111111,400.0
0.7777777777777777,0.0,11.11111111111111,400.0
0.8888888888888888,0.0,11.11111111111111,400.0
1.0,0.0,11.11111111111111,300.0
0.0,0.1111111111111111,11.11111111111111,400.0
0.1111111111111111,0.1111111111111111,11.11111111111111,310.2512483519153
0.2222222222222222,0.1111111111111111,11.11111111111111,321.0843988228894
0.3333333333333333,0.1111111111111111,11.11111111111111,334.0902269321291
0.4444444444444444,0.1111111111111111,11.11111111111111,343.35346048882445
0.5555555555555556,0.1111111111111111,11.11111111111111,343.35173160629546
0.6666666666666666,0.1111111111111111,11.11111111111111,334.08787257139426
0.7777777777777777,0.1111111111111111,11.11111111111111,321.0860838421118
0.8888888888888888,0.1111111111111111,11.11111111111111,310.2615102482637
1.0,0.1111111111111111,11.11111111111111,300.0
0.0,0.2222222222222222,11.11111111111111,400.0
0.1111111111111111,0.2222222222222222,11.11111111111111,321.07651212024996
0.2222222222222222,0.2222222222222222,11.11111111111111,343.32574897916055
0.3333333333333333,0.2222222222222222,11.11111111111111,370.0379988540186
0.4444444444444444,0.2222222222222222,11.11111111111111,389.0583829211563
0.5555555555555556,0.2222222222222222,11.11111111111111,389.0488866281882
0.6666666666666666,0.2222222222222222,11.11111111111111,370.01894630082984
0.7777777777777777,0.2222222222222222,11.11111111111111,343.31405775637666
0.8888888888888888,0.2222222222222222,11.11111111111111,321.08487212378554
1.0,0.2222222222222222,11.11111111111111,300.0
0.0,0.3333333333333333,11.11111111111111,400.0
0.1111111111111111,0.3333333333333333,11.11111111111111,334.0800030715614
0.2222222222222222,0.3333333333333333,11.11111111111111,370.03980111667835
0.3333333333333333,0.3333333333333333,11.11111111111111,413.2187871131372
0.4444444444444444,0.3333333333333333,11.11111111111111,443.96085678855303
0.5555555555555556,0.3333333333333333,11.11111111111111,443.93925311266054
0.6666666666666666,0.3333333333333333,11.11111111111111,413.17291898107055
0.7777777777777777,0.3333333333333333,11.11111111111111,370.00456263989093
0.8888888888888888,0.3333333333333333,11.11111111111111,334.07922373655265
1.0,0.3333333333333333,11.11111111111111,300.0
0.0,0.4444444444444444,11.11111111111111,400.0
0.1111111111111111,0.4444444444444444,11.11111111111111,343.3438036834119
0.2222222222222222,0.4444444444444444,11.11111111111111,389.06826171838816
0.3333333333333333,0.4444444444444444,11.11111111111111,443.97601855096366
0.4444444444444444,0.4444444444444444,11.11111111111111,483.0665294275138
0.5555555555555556,0.4444444444444444,11.11111111111111,483.0352076756425
0.6666666666666666,0.4444444444444444,11.11111111111111,443.9084107270432
0.7777777777777777,0.4444444444444444,11.11111111111111,389.0133835787857
0.8888888888888888,0.4444444444444444,11.11111111111111,343.33399385936815
1.0,0.4444444444444444,11.11111111111111,300.0
0.0,0.5555555555555556,11.11111111111111,400.0
0.1111111111111111,0.5555555555555556,11.11111111111111,343.3438036834119
0.2222222222222222,0.5555555555555556,11.11111111111111,389.06826171838816
0.3333333333333333,0.5555555555555556,11.11111111111111,443.9760185509637
0.4444444444444444,0.5555555555555556,11.11111111111111,483.0665294275139
0.5555555555555556,0.5555555555555556,11.11111111111111,483.03520767564254
0.6666666666666666,0.5555555555555556,11.11111111111111,443.9084107270432
0.7777777777777777,0.5555555555555556,11.11111111111111,389.0133835787857
0.8888888888888888,0.5555555555555556,11.11111111111111,343.33399385936826
1.0,0.5555555555555556,11.11111111111111,300.0
0.0,0.6666666666666666,11.11111111111111,400.0
0.1111111111111111,0.6666666666666666,11.11111111111111,334.0800030715615
0.2222222222222222,0.6666666666666666,11.11111111111111,370.0398011166785
0.3333333333333333,0.6666666666666666,11.11111111111111,413.2187871131373
0.4444444444444444,0.6666666666666666,11.11111111111111,443.96085678855314
0.5555555555555556,0.6666666666666666,11.11111111111111,443.9392531126606
0.6666666666666666,0.6666666666666666,11.11111111111111,413.1729189810707
0.7777777777777777,0.6666666666666666,11.11111111111111,370.00456263989093
0.8888888888888888,0.6666666666666666,11.11111111111111,334.07922373655276
1.0,0.6666666666666666,11.11111111111111,300.0
0.0,0.7777777777777777,11.11111111111111,400.0
0.1111111111111111,0.7777777777777777,11.11111111111111,321.0765121202499
0.2222222222222222,0.7777777777777777,11.11111111111111,343.32574897916055
0.3333333333333333,0.7777777777777777,11.11111111111111,370.03799885401867
0.4444444444444444,0.7777777777777777,11.11111111111111,389.0583829211564
0.5555555555555556,0.7777777777777777,11.11111111111111,389.0488866281882
0.6666666666666666,0.7777777777777777,11.11111111111111,370.01894630082984
0.7777777777777777,0.7777777777777777,11.11111111111111,343.3140577563767
0.8888888888888888,0.7777777777777777,11.11111111111111,321.0848721237856
1.0,0.7777777777777777,11.11111111111111,300.0
0.0,0.8888888888888888,11.11111111111111,400.0
0.1111111111111111,0.8888888888888888,11.11111111111111,310.25124835191536
0.2222222222222222,0.8888888888888888,11.11111111111111,321.0843988228894
0.3333333333333333,0.8888888888888888,11.11111111111111,334.09022693212916
0.4444444444444444,0.8888888888888888,11.11111111111111,343.3534604888245
0.5555555555555556,0.8888888888888888,11.11111111111111,343.3517316062956
0.6666666666666666,0.8888888888888888,11.11111111111111,334.08787257139437
0.7777777777777777,0.8888888888888888,11.11111111111111,321.08608384211186
0.8888888888888888,0.8888888888888888,11.11111111111111,310.2615102482637
1.0,0.8888888888888888,11.11111111111111,300.0
0.0,1.0,11.11111111111111,400.0
0.1111111111111111,1.0,11.11111111111111,300.0
0.2222222222222222,1.0,11.11111111111111,300.0
0.3333333333333333,1.0,11.11111111111111,300.0
0.4444444444444444,1.0,11.11111111111111,300.0
0.5555555555555556,1.0,11.11111111111111,300.0
0.6666666666666666,1.0,11.11111111111111,300.0
0.7777777777777777,1.0,11.11111111111111,300.0
0.8888888888888888,1.0,11.11111111111111,300.0
1.0,1.0,11.11111111111111,300.0
0.0,0.0,22.22222222222222,400.0
0.1111111111111111,0.0,22.22222222222222,400.0
0.2222222222222222,0.0,22.22222222222222,400.0
0.3333333333333333,0.0,22.22222222222222,400.0
0.4444444444444444,0.0,22.22222222222222,400.0
0.5555555555555556,0.0,22.22222222222222,400.0
0.6666666666666666,0.0,22.22222222222222,400.0
0.7777777777777777,0.0,22.22222222222222,400.0
0.8888888888888888,0.0,22.22222222222222,400.0
1.0,0.0,22.22222222222222,300.0
0.0,0.1111111111111111,22.22222222222222,400.0
0.1111111111111111,0.1111111111111111,22.22222222222222,321.54814343011066
0.2222222222222222,0.1111111111111111,22.22222222222222,327.3731037275109
0.3333333333333333,0.1111111111111111,22.22222222222222,339.8511269748911
0.4444444444444444,0.1111111111111111,22.22222222222222,348.8026124171645
0.5555555555555556,0.1111111111111111,22.22222222222222,348.7956819017657
0.6666666666666666,0.1111111111111111,22.22222222222222,339.8295480113721
0.7777777777777777,0.1111111111111111,22.22222222222222,327.13253262818006
0.8888888888888888,0.1111111111111111,22.22222222222222,316.0288952238369
1.0,0.1111111111111111,22.22222222222222,300.0
0.0,0.2222222222222222,22.22222222222222,400.0
0.1111111111111111,0.2222222222222222,22.22222222222222,327.20781756705156
0.2222222222222222,0.2222222222222222,22.22222222222222,344.2515716534208
0.3333333333333333,0.2222222222222222,22.22222222222222,370.15563225725464
0.4444444444444444,0.2222222222222222,22.22222222222222,388.58648880240435
0.5555555555555556,0.2222222222222222,22.22222222222222,388.567524069337
0.6666666666666666,0.2222222222222222,22.22222222222222,370.10815562810683
0.7777777777777777,0.2222222222222222,22.22222222222222,343.98007355159757
0.8888888888888888,0.2222222222222222,22.22222222222222,321.4544965891104
1.0,0.2222222222222222,22.22222222222222,300.0
0.0,0.3333333333333333,22.22222222222222,400.0
0.1111111111111111,0.3333333333333333,22.22222222222222,339.75377633432
0.2222222222222222,0.3333333333333333,22.22222222222222,370.2247312448323
0.3333333333333333,0.3333333333333333,22.22222222222222,411.71871969319784
0.4444444444444444,0.3333333333333333,22.22222222222222,441.1388011158639
0.5555555555555556,0.3333333333333333,22.22222222222222,441.09778709947693
0.6666666666666666,0.3333333333333333,22.22222222222222,411.6223272963527
0.7777777777777777,0.3333333333333333,22.22222222222222,369.9129722533521
0.8888888888888888,0.3333333333333333,22.22222222222222,333.9712095752893
1.0,0.3333333333333333,22.22222222222222,300.0
0.0,0.4444444444444444,22.22222222222222,400.0
0.1111111111111111,0.4444444444444444,22.22222222222222,348.7150692555346
0.2222222222222222,0.4444444444444444,22.22222222222222,388.672832732216
0.3333333333333333,0.4444444444444444,22.22222222222222,441.171370187109
0.4444444444444444,0.4444444444444444,22.22222222222222,478.3469668704421
0.5555555555555556,0.4444444444444444,22.22222222222222,478.28826097207644
0.6666666666666666,0.4444444444444444,22.22222222222222,441.0353192402585
0.7777777777777777,0.4444444444444444,22.22222222222222,388.32757179894776
0.8888888888888888,0.4444444444444444,22.22222222222222,342.9146517885346
1.0,0.4444444444444444,22.22222222222222,300.0
0.0,0.5555555555555556,22.22222222222222,400.0
0.1111111111111111,0.5555555555555556,22.22222222222222,348.7149378184499
0.2222222222222222,0.5555555555555556,22.22222222222222,388.67268442110384
0.3333333333333333,0.5555555555555556,22.22222222222222,441.1712205365479
0.4444444444444444,0.5555555555555556,22.22222222222222,478.3468171355677
0.5555555555555556,0.5555555555555556,22.22222222222222,478.28811123268355
0.6666666666666666,0.5555555555555556,22.22222222222222,441.0351695038158
0.7777777777777777,0.5555555555555556,22.22222222222222,388.32742217253264
0.8888888888888888,0.5555555555555556,22.22222222222222,342.91450597063016
1.0,0.5555555555555556,22.22222222222222,300.0
0.0,0.6666666666666666,22.22222222222222,400.0
0.1111111111111111,0.6666666666666666,22.22222222222222,339.7490919571414
0.2222222222222222,0.6666666666666666,22.22222222222222,370.2195769196015
0.3333333333333333,0.6666666666666666,22.22222222222222,411.7135345044461
0.4444444444444444,0.6666666666666666,22.22222222222222,441.133614261658
0.5555555555555556,0.6666666666666666,22.22222222222222,441.0926001685464
0.6666666666666666,0.6666666666666666,22.22222222222222,411.61714047508605
0.7777777777777777,0.6666666666666666,22.22222222222222,369.90778935048536
0.8888888888888888,0.6666666666666666,22.22222222222222,333.96616229653904
1.0,0.6666666666666666,22.22222222222222,300.0
0.0,0.7777777777777777,22.22222222222222,400.0
0.1111111111111111,0.7777777777777777,22.22222222222222,327.04568362278906
0.2222222222222222,0.7777777777777777,22.22222222222222,344.07786010471085
0.3333333333333333,0.7777777777777777,22.22222222222222,369.98132289320023
0.4444444444444444,0.7777777777777777,22.22222222222222,388.4121526953613
0.5555555555555556,0.7777777777777777,22.22222222222222,388.3931869745503
0.6666666666666666,0.7777777777777777,22.22222222222222,369.93382240581633
0.7777777777777777,0.7777777777777777,22.22222222222222,343.8058758417865
0.8888888888888888,0.7777777777777777,22.22222222222222,321.28498912996594
1.0,0.7777777777777777,22.22222222222222,300.0
0.0,0.8888888888888888,22.22222222222222,400.0
0.1111111111111111,0.8888888888888888,22.22222222222222,315.93655796152586
0.2222222222222222,0.8888888888888888,22.22222222222222,321.5230775023841
0.3333333333333333,0.8888888888888888,22.22222222222222,333.9920010784985
0.4444444444444444,0.8888888888888888,22.22222222222222,342.943159632684
0.5555555555555556,0.8888888888888888,22.22222222222222,342.9362217218643
0.6666666666666666,0.8888888888888888,22.22222222222222,333.97022285162967
0.7777777777777777,0.8888888888888888,22.22222222222222,321.2778937880441
0.8888888888888888,0.8888888888888888,22.22222222222222,310.33645408426577
1.0,0.8888888888888888,22.22222222222222,300.0
0.0,1.0,22.22222222222222,400.0
0.1111111111111111,1.0,22.22222222222222,300.0
0.2222222222222222,1.0,22.22222222222222,300.0
0.3333333333333333,1.0,22.22222222222222,300.0
0.4444444444444444,1.0,22.22222222222222,300.0
0.5555555555555556,1.0,22.22222222222222,300.0
0.6666666666666666,1.0,22.22222222222222,300.0
0.7777777777777777,1.0,22.22222222222222,300.0
0.8888888888888888,1.0,22.22222222222222,300.0
1.0,1.0,22.22222222222222,300.0
0.0,0.0,33.33333333333333,400.0
0.1111111111111111,0.0,33.33333333333333,400.0
0.2222222222222222,0.0,33.33333333333333,400.0
0.3333333333333333,0.0,33.33333333333333,400.0
0.4444444444444444,0.0,33.33333333333333,400.0
0.5555555555555556,0.0,33.33333333333333,400.0
0.6666666666666666,0.0,33.33333333333333,400.0
0.7777777777777777,0.0,33.33333333333333,400.0
0.8888888888888888,0.0,33.33333333333333,400.0
1.0,0.0,33.33333333333333,300.0
0.0,0.1111111111111111,33.33333333333333,400.0
0.1111111111111111,0.1111111111111111,33.33333333333333,331.0370398296744
0.2222222222222222,0.1111111111111111,33.33333333333333,333.19032675601835
0.3333333333333333,0.1111111111111111,33.33333333333333,344.9720269928148
0.4444444444444444,0.1111111111111111,33.33333333333333,353.61082571503397
0.5555555555555556,0.1111111111111111,33.33333333333333,353.5979722093124
0.6666666666666666,0.1111111111111111,33.33333333333333,344.91060915084347
0.7777777777777777,0.1111111111111111,33.33333333333333,332.47657294594626
0.8888888888888888,0.1111111111111111,33.33333333333333,320.86762675397694
1.0,0.1111111111111111,33.33333333333333,300.0
0.0,0.2222222222222222,33.33333333333333,400.0
0.1111111111111111,0.2222222222222222,33.33333333333333,332.92240275913093
0.2222222222222222,0.2222222222222222,33.33333333333333,345.6510893052437
0.3333333333333333,0.2222222222222222,33.33333333333333,370.5146041640086
0.4444444444444444,0.2222222222222222,33.33333333333333,388.3424878069708
0.5555555555555556,0.2222222222222222,33.33333333333333,388.3129870809357
0.6666666666666666,0.2222222222222222,33.33333333333333,370.4141352428845
0.7777777777777777,0.2222222222222222,33.33333333333333,344.8450988874711
0.8888888888888888,0.2222222222222222,33.33333333333333,322.0703051368156
1.0,0.2222222222222222,33.33333333333333,300.0
0.0,0.3333333333333333,33.33333333333333,400.0
0.1111111111111111,0.3333333333333333,33.33333333333333,344.80454927973415
0.2222222222222222,0.3333333333333333,33.33333333333333,370.62017879468857
0.3333333333333333,0.3333333333333333,33.33333333333333,410.277465416676
0.4444444444444444,0.3333333333333333,33.33333333333333,438.4305553040394
0.5555555555555556,0.3333333333333333,33.33333333333333,438.3709250139188
0.6666666666666666,0.3333333333333333,33.33333333333333,410.10993737879244
0.7777777777777777,0.3333333333333333,33.33333333333333,369.75555851362225
0.8888888888888888,0.3333333333333333,33.33333333333333,333.8839475787423
1.0,0.3333333333333333,33.33333333333333,300.0
0.0,0.4444444444444444,33.33333333333333,400.0
0.1111111111111111,0.4444444444444444,33.33333333333333,353.46673740993083
0.2222222222222222,0.4444444444444444,33.33333333333333,388.4809338138581
0.3333333333333333,0.4444444444444444,33.33333333333333,438.4844621521777
0.4444444444444444,0.4444444444444444,33.33333333333333,473.85425013503277
0.5555555555555556,0.4444444444444444,33.33333333333333,473.77046394169486
0.6666666666666666,0.4444444444444444,33.33333333333333,438.26275685971495
0.7777777777777777,0.4444444444444444,33.33333333333333,387.5704351279788
0.8888888888888888,0.4444444444444444,33.33333333333333,342.5188210596367
1.0,0.4444444444444444,33.33333333333333,300.0
0.0,0.5555555555555556,33.33333333333333,400.0
0.1111111111111111,0.5555555555555556,33.33333333333333,353.4657978994618
0.2222222222222222,0.5555555555555556,33.33333333333333,388.47984249780336
0.3333333333333333,0.5555555555555556,33.33333333333333,438.48335590217516
0.4444444444444444,0.5555555555555556,33.33333333333333,473.8531427434034
0.5555555555555556,0.5555555555555556,33.33333333333333,473.76935648078666
0.6666666666666666,0.5555555555555556,33.33333333333333,438.26164953620344
0.7777777777777777,0.5555555555555556,33.33333333333333,387.56933136122126
0.8888888888888888,0.5555555555555556,33.33333333333333,342.5177937121244
1.0,0.5555555555555556,33.33333333333333,300.0
0.0,0.6666666666666666,33.33333333333333,400.0
0.1111111111111111,0.6666666666666666,33.33333333333333,344.7792042934461
0.2222222222222222,0.6666666666666666,33.33333333333333,370.59145340407014
0.3333333333333333,0.6666666666666666,33.33333333333333,410.24845378988925
0.4444444444444444,0.6666666666666666,33.33333333333333,438.40152434245266
0.5555555555555556,0.6666666666666666,33.33333333333333,438.3418930508132
0.6666666666666666,0.6666666666666666,33.33333333333333,410.08090899614194
0.7777777777777777,0.6666666666666666,33.33333333333333,369.7266216513411
0.8888888888888888,0.6666666666666666,33.33333333333333,333.85698460448555
1.0,0.6666666666666666,33.33333333333333,300.0
0.0,0.7777777777777777,33.33333333333333,400.0
0.1111111111111111,0.7777777777777777,33.33333333333333,332.33498377463417
0.2222222222222222,0.7777777777777777,33.33333333333333,345.00326971667437
0.3333333333333333,0.7777777777777777,33.33333333333333,369.8625380018578
0.4444444444444444,0.7777777777777777,33.33333333333333,387.6901740087975
0.5555555555555556,0.7777777777777777,33.33333333333333,387.66066320969463
0.6666666666666666,0.7777777777777777,33.33333333333333,369.7618869797765
0.7777777777777777,0.7777777777777777,33.33333333333333,344.1947787763323
0.8888888888888888,0.7777777777777777,33.33333333333333,321.462146545056
1.0,0.7777777777777777,33.33333333333333,300.0
0.0,0.8888888888888888,33.33333333333333,400.0
0.1111111111111111,0.8888888888888888,33.33333333333333,320.7201324012833
0.2222222222222222,0.8888888888888888,33.33333333333333,322.17897027583666
0.3333333333333333,0.8888888888888888,33.33333333333333,333.9219348061496
0.4444444444444444,0.8888888888888888,33.33333333333333,342.5588155981261
0.5555555555555556,0.8888888888888888,33.33333333333333,342.5459080053326
0.6666666666666666,0.8888888888888888,33.33333333333333,333.85947430778583
0.7777777777777777,0.8888888888888888,33.33333333333333,321.44987851073506
0.8888888888888888,0.8888888888888888,33.33333333333333,310.4149469817551
1.0,0.8888888888888888,33.33333333333333,300.0
0.0,1.0,33.33333333333333,400.0
0.1111111111111111,1.0,33.33333333333333,300.0
0.2222222222222222,1.0,33.33333333333333,300.0
0.3333333333333333,1.0,33.33333333333333,300.0
0.4444444444444444,1.0,33.33333333333333,300.0
0.5555555555555556,1.0,33.33333333333333,300.0
0.6666666666666666,1.0,33.33333333333333,300.0
0.7777777777777777,1.0,33.33333333333333,300.0
0.8888888888888888,1.0,33.33333333333333,300.0
1.0,1.0,33.33333333333333,300.0
0.0,0.0,44.44444444444444,400.0
0.1111111111111111,0.0,44.44444444444444,400.0
0.2222222222222222,0.0,44.44444444444444,400.0
0.3333333333333333,0.0,44.44444444444444,400.0
0.4444444444444444,0.0,44.44444444444444,400.0
0.5555555555555556,0.0,44.44444444444444,400.0
0.6666666666666666,0.0,44.44444444444444,400.0
0.7777777777777777,0.0,44.44444444444444,400.0
0.8888888888888888,0.0,44.44444444444444,400.0
1.0,0.0,44.44444444444444,300.0
0.0,0.1111111111111111,44.44444444444444,400.0
0.1111111111111111,0.1111111111111111,44.44444444444444,339.0630914826237
0.2222222222222222,0.1111111111111111,44.44444444444444,338.5448919495885
0.3333333333333333,0.1111111111111111,44.44444444444444,349.54625799487945
0.4444444444444444,0.1111111111111111,44.44444444444444,357.8651608809234
0.5555555555555556,0.1111111111111111,44.44444444444444,357.8443924206863
0.6666666666666666,0.1111111111111111,44.44444444444444,349.4178714179989
0.7777777777777777,0.1111111111111111,44.44444444444444,337.2025110629565
0.8888888888888888,0.1111111111111111,44.44444444444444,324.9559734525607
1.0,0.1111111111111111,44.44444444444444,300.0
0.0,0.2222222222222222,44.44444444444444,400.0
0.1111111111111111,0.2222222222222222,44.44444444444444,338.2133605865807
0.2222222222222222,0.2222222222222222,44.44444444444444,347.39462800315596
0.3333333333333333,0.2222222222222222,44.44444444444444,371.06516404374145
0.4444444444444444,0.2222222222222222,44.44444444444444,388.2725601379666
0.5555555555555556,0.2222222222222222,44.44444444444444,388.2300244765547
0.6666666666666666,0.2222222222222222,44.44444444444444,370.8776055510183
0.7777777777777777,0.2222222222222222,44.44444444444444,345.84708315347984
0.8888888888888888,0.2222222222222222,44.44444444444444,322.84278048156307
1.0,0.2222222222222222,44.44444444444444,300.0
0.0,0.3333333333333333,44.44444444444444,400.0
0.1111111111111111,0.3333333333333333,44.44444444444444,349.3240837182132
0.2222222222222222,0.3333333333333333,44.44444444444444,371.1858940279086
0.3333333333333333,0.3333333333333333,44.44444444444444,408.9167782649713
0.4444444444444444,0.3333333333333333,44.44444444444444,435.8448198870285
0.5555555555555556,0.3333333333333333,44.44444444444444,435.76554958059756
0.6666666666666666,0.3333333333333333,44.44444444444444,408.64651240903197
0.7777777777777777,0.3333333333333333,44.44444444444444,369.55614546450636
0.8888888888888888,0.3333333333333333,44.44444444444444,333.8222813732228
1.0,0.3333333333333333,44.44444444444444,300.0
0.0,0.4444444444444444,44.44444444444444,400.0
0.1111111111111111,0.4444444444444444,44.44444444444444,357.680711032895
0.2222222222222222,0.4444444444444444,44.44444444444444,388.44443509518896
0.3333333333333333,0.4444444444444444,44.44444444444444,435.92102734033995
0.4444444444444444,0.4444444444444444,44.44444444444444,469.57607352653594
0.5555555555555556,0.4444444444444444,44.44444444444444,469.46747714860373
0.6666666666666666,0.4444444444444444,44.44444444444444,435.58485376545667
0.7777777777777777,0.4444444444444444,44.44444444444444,386.7574069740935
0.8888888888888888,0.4444444444444444,44.44444444444444,342.14044807081126
1.0,0.4444444444444444,44.44444444444444,300.0
0.0,0.5555555555555556,44.44444444444444,400.0
0.1111111111111111,0.5555555555555556,44.44444444444444,357.6772767647349
0.2222222222222222,0.5555555555555556,44.44444444444444,388.4403329379958
0.3333333333333333,0.5555555555555556,44.44444444444444,435.9168465735919
0.4444444444444444,0.5555555555555556,44.44444444444444,469.5718856686837
0.5555555555555556,0.5555555555555556,44.44444444444444,469.46328882781563
0.6666666666666666,0.5555555555555556,44.44444444444444,435.58066705584116
0.7777777777777777,0.5555555555555556,44.44444444444444,386.75325099804616
0.8888888888888888,0.5555555555555556,44.44444444444444,342.13673289239983
1.0,0.5555555555555556,44.44444444444444,300.0
0.0,0.6666666666666666,44.44444444444444,400.0
0.1111111111111111,0.6666666666666666,44.44444444444444,349.25224890641965
0.2222222222222222,0.6666666666666666,44.44444444444444,371.1021206162723
0.3333333333333333,0.6666666666666666,44.44444444444444,408.83176284780694
0.4444444444444444,0.6666666666666666,44.44444444444444,435.75970332811414
0.5555555555555556,0.6666666666666666,44.44444444444444,435.6804274295487
0.6666666666666666,0.6666666666666666,44.44444444444444,408.5614213931246
0.7777777777777777,0.6666666666666666,44.44444444444444,369.4716491849845
0.8888888888888888,0.6666666666666666,44.44444444444444,333.7464793906693
1.0,0.6666666666666666,44.44444444444444,300.0
0.0,0.7777777777777777,44.44444444444444,400.0
0.1111111111111111,0.7777777777777777,44.44444444444444,337.0237389195538
0.2222222222222222,0.7777777777777777,44.44444444444444,346.04621320336474
0.3333333333333333,0.7777777777777777,44.44444444444444,369.70259191978386
0.4444444444444444,0.7777777777777777,44.44444444444444,386.9089665814233
0.5555555555555556,0.7777777777777777,44.44444444444444,386.8663864175747
0.6666666666666666,0.7777777777777777,44.44444444444444,369.51440041204086
0.7777777777777777,0.7777777777777777,44.44444444444444,344.4922870136351
0.8888888888888888,0.7777777777777777,44.44444444444444,321.6163879981644
1.0,0.7777777777777777,44.44444444444444,300.0
0.0,0.8888888888888888,44.44444444444444,400.0
0.1111111111111111,0.8888888888888888,44.44444444444444,324.77299940249526
0.2222222222222222,0.8888888888888888,44.44444444444444,322.9723589319432
0.3333333333333333,0.8888888888888888,44.44444444444444,333.8807596357714
0.4444444444444444,0.8888888888888888,44.44444444444444,342.19383737774814
0.5555555555555556,0.8888888888888888,44.44444444444444,342.17288552175785
0.6666666666666666,0.8888888888888888,44.44444444444444,333.7496510018489
0.7777777777777777,0.8888888888888888,44.44444444444444,321.6013075889662
0.8888888888888888,0.8888888888888888,44.44444444444444,310.49385578386347
1.0,0.8888888888888888,44.44444444444444,300.0
0.0,1.0,44.44444444444444,400.0
0.1111111111111111,1.0,44.44444444444444,300.0
0.2222222222222222,1.0,44.44444444444444,300.0
0.3333333333333333,1.0,44.44444444444444,300.0
0.4444444444444444,1.0,44.44444444444444,300.0
0.5555555555555556,1.0,44.44444444444444,300.0
0.6666666666666666,1.0,44.44444444444444,300.0
0.7777777777777777,1.0,44.44444444444444,300.0
0.8888888888888888,1.0,44.44444444444444,300.0
1.0,1.0,44.44444444444444,300.0
0.0,0.0,55.55555555555556,400.0
0.1111111111111111,0.0,55.55555555555556,400.0
0.2222222222222222,0.0,55.55555555555556,400.0
0.3333333333333333,0.0,55.55555555555556,400.0
0.4444444444444444,0.0,55.55555555555556,400.0
0.5555555555555556,0.0,55.55555555555556,400.0
0.6666666666666666,0.0,55.55555555555556,400.0
0.7777777777777777,0.0,55.55555555555556,400.0
0.8888888888888888,0.0,55.55555555555556,400.0
1.0,0.0,55.55555555555556,300.0
0.0,0.1111111111111111,55.55555555555556,400.0
0.1111111111111111,0.1111111111111111,55.55555555555556,345.89726801642246
0.2222222222222222,0.1111111111111111,55.55555555555556,343.45755423479966
0.3333333333333333,0.1111111111111111,55.55555555555556,353.6497081334312
0.4444444444444444,0.1111111111111111,55.55555555555556,361.63975858441484
0.5555555555555556,0.1111111111111111,55.55555555555556,361.60790341611136
0.6666666666666666,0.1111111111111111,55.55555555555556,353.4248368495761
0.7777777777777777,0.1111111111111111,55.55555555555556,341.3860001305091
0.8888888888888888,0.1111111111111111,55.55555555555556,328.43348867172773
1.0,0.1111111111111111,55.55555555555556,300.0
0.0,0.2222222222222222,55.55555555555556,400.0
0.1111111111111111,0.2222222222222222,55.55555555555556,343.0900450714972
0.2222222222222222,0.2222222222222222,55.55555555555556,349.3773979112617
0.3333333333333333,0.2222222222222222,55.55555555555556,371.76530018839765
0.4444444444444444,0.2222222222222222,55.55555555555556,388.3342743648031
0.5555555555555556,0.2222222222222222,55.55555555555556,388.2746567036952
0.6666666666666666,0.2222222222222222,55.55555555555556,371.4514493387622
0.7777777777777777,0.2222222222222222,55.55555555555556,346.93610065565383
0.8888888888888888,0.2222222222222222,55.55555555555556,323.7077433957954
1.0,0.2222222222222222,55.55555555555556,300.0
0.0,0.3333333333333333,55.55555555555556,400.0
0.1111111111111111,0.3333333333333333,55.55555555555556,353.386326738745
0.2222222222222222,0.3333333333333333,55.55555555555556,371.88688993951655
0.3333333333333333,0.3333333333333333,55.55555555555556,407.64979285741873
0.4444444444444444,0.3333333333333333,55.55555555555556,433.38624505865323
0.5555555555555556,0.3333333333333333,55.55555555555556,433.28438611161386
0.6666666666666666,0.3333333333333333,55.55555555555556,407.2386056042615
0.7777777777777777,0.3333333333333333,55.55555555555556,369.3316429609338
0.8888888888888888,0.3333333333333333,55.55555555555556,333.7865861277925
1.0,0.3333333333333333,55.55555555555556,300.0
0.0,0.4444444444444444,55.55555555555556,400.0
0.1111111111111111,0.4444444444444444,55.55555555555556,361.4272774562996
0.2222222222222222,0.4444444444444444,55.55555555555556,388.52544722722627
0.3333333333333333,0.4444444444444444,55.55555555555556,433.48382734033413
0.4444444444444444,0.4444444444444444,55.55555555555556,465.5019240560299
0.5555555555555556,0.4444444444444444,55.55555555555556,465.3666548003535
0.6666666666666666,0.4444444444444444,55.55555555555556,432.9972005212617
0.7777777777777777,0.4444444444444444,55.55555555555556,385.9018286515481
0.8888888888888888,0.4444444444444444,55.55555555555556,341.77534676529524
1.0,0.4444444444444444,55.55555555555556,300.0
0.0,0.5555555555555556,55.55555555555556,400.0
0.1111111111111111,0.5555555555555556,55.55555555555556,361.418471475775
0.2222222222222222,0.5555555555555556,55.55555555555556,388.5146461069409
0.3333333333333333,0.5555555555555556,55.55555555555556,433.47275266580226
0.4444444444444444,0.5555555555555556,55.55555555555556,465.4908209012543
0.5555555555555556,0.5555555555555556,55.55555555555556,465.35554971220705
0.6666666666666666,0.5555555555555556,55.55555555555556,432.98610481752684
0.7777777777777777,0.5555555555555556,55.55555555555556,385.89087243401667
0.8888888888888888,0.5555555555555556,55.55555555555556,341.76589540106795
1.0,0.5555555555555556,55.55555555555556,300.0
0.0,0.6666666666666666,55.55555555555556,400.0
0.1111111111111111,0.6666666666666666,55.55555555555556,353.23786336806967
0.2222222222222222,0.6666666666666666,55.55555555555556,371.7090431656542
0.3333333333333333,0.6666666666666666,55.55555555555556,407.4683220059186
0.4444444444444444,0.6666666666666666,55.55555555555556,433.2044284899779
0.5555555555555556,0.6666666666666666,55.55555555555556,433.1025497428189
0.6666666666666666,0.6666666666666666,55.55555555555556,407.0569114255937
0.7777777777777777,0.6666666666666666,55.55555555555556,369.15208579256597
0.8888888888888888,0.6666666666666666,55.55555555555556,333.6307568925331
1.0,0.6666666666666666,55.55555555555556,300.0
0.0,0.7777777777777777,55.55555555555556,400.0
0.1111111111111111,0.7777777777777777,55.55555555555556,341.1836114615753
0.2222222222222222,0.7777777777777777,55.55555555555556,347.16175593191826
0.3333333333333333,0.7777777777777777,55.55555555555556,369.51642117208013
0.4444444444444444,0.7777777777777777,55.55555555555556,386.0825439266908
0.5555555555555556,0.7777777777777777,55.55555555555556,386.02279725482435
0.6666666666666666,0.7777777777777777,55.55555555555556,369.2010620304826
0.7777777777777777,0.7777777777777777,55.55555555555556,344.7084719893533
0.8888888888888888,0.7777777777777777,55.55555555555556,321.74791693528954
1.0,0.7777777777777777,55.55555555555556,300.0
0.0,0.8888888888888888,55.55555555555556,400.0
0.1111111111111111,0.8888888888888888,55.55555555555556,328.2293759840185
0.2222222222222222,0.8888888888888888,55.55555555555556,323.84585093502085
0.3333333333333333,0.8888888888888888,55.55555555555556,333.8663232552955
0.4444444444444444,0.8888888888888888,55.55555555555556,341.8434367954827
0.5555555555555556,0.8888888888888888,55.55555555555556,341.8111514081505
0.6666666666666666,0.8888888888888888,55.55555555555556,333.6362667761569
0.7777777777777777,0.8888888888888888,55.55555555555556,321.7317812724864
0.8888888888888888,0.8888888888888888,55.55555555555556,310.570710728063
1.0,0.8888888888888888,55.55555555555556,300.0
0.0,1.0,55.55555555555556,400.0
0.1111111111111111,1.0,55.55555555555556,300.0
0.2222222222222222,1.0,55.55555555555556,300.0
0.3333333333333333,1.0,55.55555555555556,300.0
0.4444444444444444,1.0,55.55555555555556,300.0
0.5555555555555556,1.0,55.55555555555556,300.0
0.6666666666666666,1.0,55.55555555555556,300.0
0.7777777777777777,1.0,55.55555555555556,300.0
0.8888888888888888,1.0,55.55555555555556,300.0
1.0,1.0,55.55555555555556,300.0
0.0,0.0,66.66666666666666,400.0
0.1111111111111111,0.0,66.66666666666666,400.0
0.2222222222222222,0.0,66.66666666666666,400.0
0.3333333333333333,0.0,66.66666666666666,400.0
0.4444444444444444,0.0,66.66666666666666,400.0
0.5555555555555556,0.0,66.66666666666666,400.0
0.6666666666666666,0.0,66.66666666666666,400.0
0.7777777777777777,0.0,66.66666666666666,400.0
0.8888888888888888,0.0,66.66666666666666,400.0
1.0,0.0,66.66666666666666,300.0
0.0,0.1111111111111111,66.66666666666666,400.0
0.1111111111111111,0.1111111111111111,66.66666666666666,351.7536778593663
0.2222222222222222,0.1111111111111111,66.66666666666666,347.955520413527
0.3333333333333333,0.1111111111111111,66.66666666666666,357.34477434905796
0.4444444444444444,0.1111111111111111,66.66666666666666,364.99778443347026
0.5555555555555556,0.1111111111111111,66.66666666666666,364.95070559721523
0.6666666666666666,0.1111111111111111,66.66666666666666,356.9941055980979
0.7777777777777777,0.1111111111111111,66.66666666666666,345.0940753306479
0.8888888888888888,0.1111111111111111,66.66666666666666,331.4101441148822
1.0,0.1111111111111111,66.66666666666666,300.0
0.0,0.2222222222222222,66.66666666666666,400.0
0.1111111111111111,0.2222222222222222,66.66666666666666,347.57140556358877
0.2222222222222222,0.2222222222222222,66.66666666666666,351.5158151859188
0.3333333333333333,0.2222222222222222,66.66666666666666,372.5795645871553
0.4444444444444444,0.2222222222222222,66.66666666666666,388.49418749241704
0.5555555555555556,0.2222222222222222,66.66666666666666,388.41200011186754
0.6666666666666666,0.2222222222222222,66.66666666666666,372.0983421745976
0.7777777777777777,0.2222222222222222,66.66666666666666,348.07264279958434
0.8888888888888888,0.2222222222222222,66.66666666666666,324.61939571128363
1.0,0.2222222222222222,66.66666666666666,300.0
0.0,0.3333333333333333,66.66666666666666,400.0
0.1111111111111111,0.3333333333333333,66.66666666666666,357.0516660365413
0.2222222222222222,0.3333333333333333,66.66666666666666,372.692846963865
0.3333333333333333,0.3333333333333333,66.66666666666666,406.4832150079986
0.4444444444444444,0.3333333333333333,66.66666666666666,431.0563769360111
0.5555555555555556,0.3333333333333333,66.66666666666666,430.92716392702414
0.6666666666666666,0.3333333333333333,66.66666666666666,405.88963077817846
0.7777777777777777,0.3333333333333333,66.66666666666666,369.09368761226256
0.8888888888888888,0.3333333333333333,66.66666666666666,333.7746961933656
1.0,0.3333333333333333,66.66666666666666,300.0
0.0,0.4444444444444444,66.66666666666666,400.0
0.1111111111111111,0.4444444444444444,66.66666666666666,364.76669724472606
0.2222222222222222,0.4444444444444444,66.66666666666666,388.6941346873764
0.3333333333333333,0.4444444444444444,66.66666666666666,431.1732834143822
0.4444444444444444,0.4444444444444444,66.66666666666666,461.62251266284096
0.5555555555555556,0.4444444444444444,66.66666666666666,461.45669068506743
0.6666666666666666,0.4444444444444444,66.66666666666666,430.4963509457153
0.7777777777777777,0.4444444444444444,66.66666666666666,385.0150971524107
0.8888888888888888,0.4444444444444444,66.66666666666666,341.42057912033914
1.0,0.4444444444444444,66.66666666666666,300.0
0.0,0.5555555555555556,66.66666666666666,400.0
0.1111111111111111,0.5555555555555556,66.66666666666666,364.7485473558694
0.2222222222222222,0.5555555555555556,66.66666666666666,388.6713140385556
0.3333333333333333,0.5555555555555556,66.66666666666666,431.1497325539852
0.4444444444444444,0.5555555555555556,66.66666666666666,461.5988756438213
0.5555555555555556,0.5555555555555556,66.66666666666666,461.4330477140696
0.6666666666666666,0.5555555555555556,66.66666666666666,430.47274395515
0.7777777777777777,0.5555555555555556,66.66666666666666,384.9919275844022
0.8888888888888888,0.5555555555555556,66.66666666666666,341.40121558552795
1.0,0.5555555555555556,66.66666666666666,300.0
0.0,0.6666666666666666,66.66666666666666,400.0
0.1111111111111111,0.6666666666666666,66.66666666666666,356.79560449704786
0.2222222222222222,0.6666666666666666,66.66666666666666,372.37841116478256
0.3333333333333333,0.6666666666666666,66.66666666666666,406.1604750174392
0.4444444444444444,0.6666666666666666,66.66666666666666,430.7327300166773
0.5555555555555556,0.6666666666666666,66.66666666666666,430.6034642535975
0.6666666666666666,0.6666666666666666,66.66666666666666,405.56637984950225
0.7777777777777777,0.6666666666666666,66.66666666666666,368.77598619372986
0.8888888888888888,0.6666666666666666,66.66666666666666,333.506986493991
1.0,0.6666666666666666,66.66666666666666,300.0
0.0,0.7777777777777777,66.66666666666666,400.0
0.1111111111111111,0.7777777777777777,66.66666666666666,344.87846214683935
0.2222222222222222,0.7777777777777777,66.66666666666666,348.3142891798774
0.3333333333333333,0.7777777777777777,66.66666666666666,369.31438437628185
0.4444444444444444,0.7777777777777777,66.66666666666666,385.22269836958463
0.5555555555555556,0.7777777777777777,66.66666666666666,385.1402209366945
0.6666666666666666,0.7777777777777777,66.66666666666666,368.83027645172484
0.7777777777777777,0.7777777777777777,66.66666666666666,344.8521547657492
0.8888888888888888,0.7777777777777777,66.66666666666666,321.8570882738117
1.0,0.7777777777777777,66.66666666666666,300.0
0.0,0.8888888888888888,66.66666666666666,400.0
0.1111111111111111,0.8888888888888888,66.66666666666666,331.1952954642641
0.2222222222222222,0.8888888888888888,66.66666666666666,324.75831426747794
0.3333333333333333,0.8888888888888888,66.66666666666666,333.8749698830546
0.4444444444444444,0.8888888888888888,66.66666666666666,341.5041021242803
0.5555555555555556,0.8888888888888888,66.66666666666666,341.45621048420304
0.6666666666666666,0.8888888888888888,66.66666666666666,333.5160271257722
0.7777777777777777,0.8888888888888888,66.66666666666666,321.8411864514953
0.8888888888888888,0.8888888888888888,66.66666666666666,310.64358563409996
1.0,0.8888888888888888,66.66666666666666,300.0
0.0,1.0,66.66666666666666,400.0
0.1111111111111111,1.0,66.66666666666666,300.0
0.2222222222222222,1.0,66.66666666666666,300.0
0.3333333333333333,1.0,66.66666666666666,300.0
0.4444444444444444,1.0,66.66666666666666,300.0
0.5555555555555556,1.0,66.66666666666666,300.0
0.6666666666666666,1.0,66.66666666666666,300.0
0.7777777777777777,1.0,66.66666666666666,300.0
0.8888888888888888,1.0,66.66666666666666,300.0
1.0,1.0,66.66666666666666,300.0
0.0,0.0,77.77777777777777,400.0
0.1111111111111111,0.0,77.77777777777777,400.0
0.2222222222222222,0.0,77.77777777777777,400.0
0.3333333333333333,0.0,77.77777777777777,400.0
0.4444444444444444,0.0,77.77777777777777,400.0
0.5555555555555556,0.0,77.77777777777777,400.0
0.6666666666666666,0.0,77.77777777777777,400.0
0.7777777777777777,0.0,77.77777777777777,400.0
0.8888888888888888,0.0,77.77777777777777,400.0
1.0,0.0,77.77777777777777,300.0
0.0,0.1111111111111111,77.77777777777777,400.0
0.1111111111111111,0.1111111111111111,77.77777777777777,356.80258391282695
0.2222222222222222,0.1111111111111111,77.77777777777777,352.0689114403093
0.3333333333333333,0.1111111111111111,77.77777777777777,360.6832800695578
0.4444444444444444,0.1111111111111111,77.77777777777777,367.99310757613085
0.5555555555555556,0.1111111111111111,77.77777777777777,367.9259608817191
0.6666666666666666,0.1111111111111111,77.77777777777777,360.1792603497489
0.7777777777777777,0.1111111111111111,77.77777777777777,348.3856273053404
0.8888888888888888,0.1111111111111111,77.77777777777777,333.97317389217875
1.0,0.1111111111111111,77.77777777777777,300.0
0.0,0.2222222222222222,77.77777777777777,400.0
0.1111111111111111,0.2222222222222222,77.77777777777777,351.6815907208626
0.2222222222222222,0.2222222222222222,77.77777777777777,353.7440330740444
0.3333333333333333,0.2222222222222222,77.77777777777777,373.4781357962259
0.4444444444444444,0.2222222222222222,77.77777777777777,388.7259517084922
0.5555555555555556,0.2222222222222222,77.77777777777777,388.61449904742807
0.6666666666666666,0.2222222222222222,77.77777777777777,372.7888727837134
0.7777777777777777,0.2222222222222222,77.77777777777777,349.2259488639877
0.8888888888888888,0.2222222222222222,77.77777777777777,325.54530151168825
1.0,0.2222222222222222,77.77777777777777,300.0
0.0,0.3333333333333333,77.77777777777777,400.0
0.1111111111111111,0.3333333333333333,77.77777777777777,360.3700147106331
0.2222222222222222,0.3333333333333333,77.77777777777777,373.5776337476278
0.3333333333333333,0.3333333333333333,77.77777777777777,405.41902758256697
0.4444444444444444,0.3333333333333333,77.77777777777777,428.8544091953504
0.5555555555555556,0.3333333333333333,77.77777777777777,428.69149553466747
0.6666666666666666,0.3333333333333333,77.77777777777777,404.6006937230009
0.7777777777777777,0.3333333333333333,77.77777777777777,368.8499746375086
0.8888888888888888,0.3333333333333333,77.77777777777777,333.7831393290017
1.0,0.3333333333333333,77.77777777777777,300.0
0.0,0.4444444444444444,77.77777777777777,400.0
0.1111111111111111,0.4444444444444444,77.77777777777777,367.7506316432075
0.2222222222222222,0.4444444444444444,77.77777777777777,388.9269964350421
0.3333333333333333,0.4444444444444444,77.77777777777777,428.98799564585744
0.4444444444444444,0.4444444444444444,77.77777777777777,457.9293763254411
0.5555555555555556,0.4444444444444444,77.77777777777777,457.7273471270559
0.6666666666666666,0.4444444444444444,77.77777777777777,428.0794693350182
0.7777777777777777,0.4444444444444444,77.77777777777777,384.1068365827386
0.8888888888888888,0.4444444444444444,77.77777777777777,341.07404789595955
1.0,0.4444444444444444,77.77777777777777,300.0
0.0,0.5555555555555556,77.77777777777777,400.0
0.1111111111111111,0.5555555555555556,77.77777777777777,367.71829177279204
0.2222222222222222,0.5555555555555556,77.77777777777777,388.88539068908995
0.3333333333333333,0.5555555555555556,77.77777777777777,428.9447667102763
0.4444444444444444,0.5555555555555556,77.77777777777777,457.88593360219477
0.5555555555555556,0.5555555555555556,77.77777777777777,457.6838895847771
0.6666666666666666,0.5555555555555556,77.77777777777777,428.03611678448954
0.7777777777777777,0.5555555555555556,77.77777777777777,384.064565869327
0.8888888888888888,0.5555555555555556,77.77777777777777,341.03971067591476
1.0,0.5555555555555556,77.77777777777777,300.0
0.0,0.6666666666666666,77.77777777777777,400.0
0.1111111111111111,0.6666666666666666,77.77777777777777,359.97666074871086
0.2222222222222222,0.6666666666666666,77.77777777777777,373.0835045940982
0.3333333333333333,0.6666666666666666,77.77777777777777,404.9087097467235
0.4444444444444444,0.6666666666666666,77.77777777777777,428.34210380710476
0.5555555555555556,0.6666666666666666,77.77777777777777,428.1790742701336
0.6666666666666666,0.6666666666666666,77.77777777777777,404.08938944422084
0.7777777777777777,0.6666666666666666,77.77777777777777,368.35042424096247
0.8888888888888888,0.6666666666666666,77.77777777777777,333.3731844107394
1.0,0.6666666666666666,77.77777777777777,300.0
0.0,0.7777777777777777,77.77777777777777,400.0
0.1111111111111111,0.7777777777777777,77.77777777777777,348.16467203328955
0.2222222222222222,0.7777777777777777,77.77777777777777,349.4760558067419
0.3333333333333333,0.7777777777777777,77.77777777777777,369.10341803097106
0.4444444444444444,0.7777777777777777,77.77777777777777,384.33927253671885
0.5555555555555556,0.7777777777777777,77.77777777777777,384.2272691429838
0.6666666666666666,0.7777777777777777,77.77777777777777,368.4093679544493
0.7777777777777777,0.7777777777777777,77.77777777777777,344.93108128419937
0.8888888888888888,0.7777777777777777,77.77777777777777,321.9443930297417
1.0,0.7777777777777777,77.77777777777777,300.0
0.0,0.8888888888888888,77.77777777777777,400.0
0.1111111111111111,0.8888888888888888,77.77777777777777,333.7550821348243
0.2222222222222222,0.8888888888888888,77.77777777777777,325.680488919666
0.3333333333333333,0.8888888888888888,77.77777777777777,333.9024080340386
0.4444444444444444,0.8888888888888888,77.77777777777777,341.1732352531468
0.5555555555555556,0.8888888888888888,77.77777777777777,341.1047552837685
0.6666666666666666,0.8888888888888888,77.77777777777777,333.3865882581912
0.7777777777777777,0.8888888888888888,77.77777777777777,321.9296527051826
0.8888888888888888,0.8888888888888888,77.77777777777777,310.7110011145786
1.0,0.8888888888888888,77.77777777777777,300.0
0.0,1.0,77.77777777777777,400.0
0.1111111111111111,1.0,77.77777777777777,300.0
0.2222222222222222,1.0,77.77777777777777,300.0
0.3333333333333333,1.0,77.77777777777777,300.0
0.4444444444444444,1.0,77.77777777777777,300.0
0.5555555555555556,1.0,77.77777777777777,300.0
0.6666666666666666,1.0,77.77777777777777,300.0
0.7777777777777777,1.0,77.77777777777777,300.0
0.8888888888888888,1.0,77.77777777777777,300.0
1.0,1.0,77.77777777777777,300.0
0.0,0.0,88.88888888888889,400.0
0.1111111111111111,0.0,88.88888888888889,400.0
0.2222222222222222,0.0,88.88888888888889,400.0
0.3333333333333333,0.0,88.88888888888889,400.0
0.4444444444444444,0.0,88.88888888888889,400.0
0.5555555555555556,0.0,88.88888888888889,400.0
0.6666666666666666,0.0,88.88888888888889,400.0
0.7777777777777777,0.0,88.88888888888889,400.0
0.8888888888888888,0.0,88.88888888888889,400.0
1.0,0.0,88.88888888888889,300.0
0.0,0.1111111111111111,88.88888888888889,400.0
0.1111111111111111,0.1111111111111111,88.88888888888889,361.1802380537279
0.2222222222222222,0.1111111111111111,88.88888888888889,355.8285256357613
0.3333333333333333,0.1111111111111111,88.88888888888889,363.7086589171462
0.4444444444444444,0.1111111111111111,88.88888888888889,370.67173508840983
0.5555555555555556,0.1111111111111111,88.88888888888889,370.579225496543
0.6666666666666666,0.1111111111111111,88.88888888888889,363.0263625598738
0.7777777777777777,0.1111111111111111,88.88888888888889,351.31209420070525
0.8888888888888888,0.1111111111111111,88.88888888888889,336.19223119113605
1.0,0.1111111111111111,88.88888888888889,300.0
0.0,0.2222222222222222,88.88888888888889,400.0
0.1111111111111111,0.2222222222222222,88.88888888888889,355.447089515946
0.2222222222222222,0.2222222222222222,88.88888888888889,356.0108305124566
0.3333333333333333,0.2222222222222222,88.88888888888889,374.43603968527253
0.4444444444444444,0.2222222222222222,88.88888888888889,389.0088236388257
0.5555555555555556,0.2222222222222222,88.88888888888889,388.86049259595114
0.6666666666666666,0.2222222222222222,88.88888888888889,373.5000349802103
0.7777777777777777,0.2222222222222222,88.88888888888889,350.37247889037025
0.8888888888888888,0.2222222222222222,88.88888888888889,326.4627531857302
1.0,0.2222222222222222,88.88888888888889,300.0
0.0,0.3333333333333333,88.88888888888889,400.0
0.1111111111111111,0.3333333333333333,88.88888888888889,363.38307794106635
0.2222222222222222,0.3333333333333333,88.88888888888889,374.5188853486933
0.3333333333333333,0.3333333333333333,88.88888888888889,404.4558166221758
0.4444444444444444,0.3333333333333333,88.88888888888889,426.77777967698626
0.5555555555555556,0.3333333333333333,88.88888888888889,426.5735387974281
0.6666666666666666,0.3333333333333333,88.88888888888889,403.3712379387323
0.7777777777777777,0.3333333333333333,88.88888888888889,368.60531281259483
0.8888888888888888,0.3333333333333333,88.88888888888889,333.807911811801
1.0,0.3333333333333333,88.88888888888889,300.0
0.0,0.4444444444444444,88.88888888888889,400.0
0.1111111111111111,0.4444444444444444,88.88888888888889,370.423397687432
0.2222222222222222,0.4444444444444444,88.88888888888889,389.2055182516298
0.3333333333333333,0.4444444444444444,88.88888888888889,426.9251693517526
0.4444444444444444,0.4444444444444444,88.88888888888889,454.4146053577986
0.5555555555555556,0.4444444444444444,88.88888888888889,454.1692478403383
0.6666666666666666,0.4444444444444444,88.88888888888889,425.7440848757497
0.7777777777777777,0.4444444444444444,88.88888888888889,383.18508241602257
0.8888888888888888,0.4444444444444444,88.88888888888889,340.73422810352116
1.0,0.4444444444444444,88.88888888888889,300.0
0.0,0.5555555555555556,88.88888888888889,400.0
0.1111111111111111,0.5555555555555556,88.88888888888889,370.3714103269981
0.2222222222222222,0.5555555555555556,88.88888888888889,389.1372082522811
0.3333333333333333,0.5555555555555556,88.88888888888889,426.8537005967394
0.4444444444444444,0.5555555555555556,88.88888888888889,454.34267804194144
0.5555555555555556,0.5555555555555556,88.88888888888889,454.09728893374415
0.6666666666666666,0.5555555555555556,88.88888888888889,425.6723791302391
0.7777777777777777,0.5555555555555556,88.88888888888889,383.1156464737193
0.8888888888888888,0.5555555555555556,88.88888888888889,340.6792504167978
1.0,0.5555555555555556,88.88888888888889,300.0
0.0,0.6666666666666666,88.88888888888889,400.0
0.1111111111111111,0.6666666666666666,88.88888888888889,362.8252134533839
0.2222222222222222,0.6666666666666666,88.88888888888889,373.8033725231812
0.3333333333333333,0.6666666666666666,88.88888888888889,403.71217636027524
0.4444444444444444,0.6666666666666666,88.88888888888889,426.03031375661965
0.5555555555555556,0.6666666666666666,88.88888888888889,425.8258513551705
0.6666666666666666,0.6666666666666666,88.88888888888889,402.6259091156576
0.7777777777777777,0.6666666666666666,88.88888888888889,367.88163983356554
0.8888888888888888,0.6666666666666666,88.88888888888889,333.22804126114045
1.0,0.6666666666666666,88.88888888888889,300.0
0.0,0.7777777777777777,88.88888888888889,400.0
0.1111111111111111,0.7777777777777777,88.88888888888889,351.0917057852966
0.2222222222222222,0.7777777777777777,88.88888888888889,350.6257974543814
0.3333333333333333,0.7777777777777777,88.88888888888889,368.88794864239674
0.4444444444444444,0.7777777777777777,88.88888888888889,383.44041417314685
0.5555555555555556,0.7777777777777777,88.88888888888889,383.2911554843705
0.6666666666666666,0.7777777777777777,88.88888888888889,367.9447537660093
0.7777777777777777,0.7777777777777777,88.88888888888889,344.95207488551216
0.8888888888888888,0.7777777777777777,88.88888888888889,322.0104397292655
1.0,0.7777777777777777,88.88888888888889,300.0
0.0,0.8888888888888888,88.88888888888889,400.0
0.1111111111111111,0.8888888888888888,88.88888888888889,335.97623785100086
0.2222222222222222,0.8888888888888888,88.88888888888889,326.591798693004
0.3333333333333333,0.8888888888888888,88.88888888888889,333.9442412907167
0.4444444444444444,0.8888888888888888,88.88888888888889,340.84889931438516
0.5555555555555556,0.8888888888888888,88.88888888888889,340.7544083242142
0.6666666666666666,0.8888888888888888,88.88888888888889,333.2463619921204
0.7777777777777777,0.8888888888888888,88.88888888888889,321.99751088546606
0.8888888888888888,0.8888888888888888,88.88888888888889,310.7718456361368
1.0,0.8888888888888888,88.88888888888889,300.0
0.0,1.0,88.88888888888889,400.0
0.1111111111111111,1.0,88.88888888888889,300.0
0.2222222222222222,1.0,88.88888888888889,300.0
0.3333333333333333,1.0,88.88888888888889,300.0
0.4444444444444444,1.0,88.88888888888889,300.0
0.5555555555555556,1.0,88.88888888888889,300.0
0.6666666666666666,1.0,88.88888888888889,300.0
0.7777777777777777,1.0,88.88888888888889,300.0
0.8888888888888888,1.0,88.88888888888889,300.0
1.0,1.0,88.88888888888889,300.0
0.0,0.0,100.0,400.0
0.1111111111111111,0.0,100.0,400.0
0.2222222222222222,0.0,100.0,400.0
0.3333333333333333,0.0,100.0,400.0
0.4444444444444444,0.0,100.0,400.0
0.5555555555555556,0.0,100.0,400.0
0.6666666666666666,0.0,100.0,400.0
0.7777777777777777,0.0,100.0,400.0
0.8888888888888888,0.0,100.0,400.0
1.0,0.0,100.0,300.0
0.0,0.1111111111111111,100.0,400.0
0.1111111111111111,0.1111111111111111,100.0,364.99635381136795
0.2222222222222222,0.1111111111111111,100.0,359.26446880050645
0.3333333333333333,0.1111111111111111,100.0,366.4576111214644
0.4444444444444444,0.1111111111111111,100.0,373.0730293968086
0.5555555555555556,0.1111111111111111,100.0,372.9496425219576
0.6666666666666666,0.1111111111111111,100.0,365.5751570872834
0.7777777777777777,0.1111111111111111,100.0,353.91823794341144
0.8888888888888888,0.1111111111111111,100.0,338.12329496397354
1.0,0.1111111111111111,100.0,300.0
0.0,0.2222222222222222,100.0,400.0
0.1111111111111111,0.2222222222222222,100.0,358.89490931503855
0.2222222222222222,0.2222222222222222,100.0,358.27691007646456
0.3333333333333333,0.2222222222222222,100.0,375.4324827181531
0.4444444444444444,0.2222222222222222,100.0,389.3264914226625
0.5555555555555556,0.2222222222222222,100.0,389.13305448971215
0.6666666666666666,0.2222222222222222,100.0,374.21400768267983
0.7777777777777777,0.2222222222222222,100.0,351.494572063504
0.8888888888888888,0.2222222222222222,100.0,327.35613097346254
1.0,0.2222222222222222,100.0,300.0
0.0,0.3333333333333333,100.0,400.0
0.1111111111111111,0.3333333333333333,100.0,366.12604184856343
0.2222222222222222,0.3333333333333333,100.0,375.4976128150119
0.3333333333333333,0.3333333333333333,100.0,403.58979759394174
0.4444444444444444,0.3333333333333333,100.0,424.82264342660335
0.5555555555555556,0.3333333333333333,100.0,424.5684928458606
0.6666666666666666,0.3333333333333333,100.0,402.1995443887968
0.7777777777777777,0.3333333333333333,100.0,368.36244367661203
0.8888888888888888,0.3333333333333333,100.0,333.8449512100132
1.0,0.3333333333333333,100.0,300.0
0.0,0.4444444444444444,100.0,400.0
0.1111111111111111,0.4444444444444444,100.0,372.8230561666218
0.2222222222222222,0.4444444444444444,100.0,389.51511796875616
0.3333333333333333,0.4444444444444444,100.0,424.98096467839656
0.4444444444444444,0.4444444444444444,100.0,451.0706616284878
0.5555555555555556,0.4444444444444444,100.0,450.77371990830477
0.6666666666666666,0.4444444444444444,100.0,423.48792518167556
0.7777777777777777,0.4444444444444444,100.0,382.25646856368945
0.8888888888888888,0.4444444444444444,100.0,340.3999893035292
1.0,0.4444444444444444,100.0,300.0
0.0,0.5555555555555556,100.0,400.0
0.1111111111111111,0.5555555555555556,100.0,372.74560945544374
0.2222222222222222,0.5555555555555556,100.0,389.4113617239872
0.3333333333333333,0.5555555555555556,100.0,424.8716494479859
0.4444444444444444,0.5555555555555556,100.0,450.96046629950655
0.5555555555555556,0.5555555555555556,100.0,450.66346472447754
0.6666666666666666,0.5555555555555556,100.0,423.37820058460824
0.7777777777777777,0.5555555555555556,100.0,382.1509667645757
0.8888888888888888,0.5555555555555556,100.0,340.31836958686984
1.0,0.5555555555555556,100.0,300.0
0.0,0.6666666666666666,100.0,400.0
0.1111111111111111,0.6666666666666666,100.0,365.37953489070225
0.2222222222222222,0.6666666666666666,100.0,374.5217577484727
0.3333333333333333,0.6666666666666666,100.0,402.56909163488876
0.4444444444444444,0.6666666666666666,100.0,423.7952597721531
0.5555555555555556,0.6666666666666666,100.0,423.5407276322987
0.6666666666666666,0.6666666666666666,100.0,401.17619517451624
0.7777777777777777,0.6666666666666666,100.0,367.375160225701
0.8888888888888888,0.6666666666666666,100.0,333.0707817616471
1.0,0.6666666666666666,100.0,300.0
0.0,0.7777777777777777,100.0,400.0
0.1111111111111111,0.7777777777777777,100.0,353.7027807850177
0.2222222222222222,0.7777777777777777,100.0,351.7475624340555
0.3333333333333333,0.7777777777777777,100.0,368.67059982510733
0.4444444444444444,0.7777777777777777,100.0,382.53281130624333
0.5555555555555556,0.7777777777777777,100.0,382.33794479191295
0.6666666666666666,0.7777777777777777,100.0,367.4420847321814
0.7777777777777777,0.7777777777777777,100.0,344.92116770879034
0.8888888888888888,0.7777777777777777,100.0,322.05593493905104
1.0,0.7777777777777777,100.0,300.0
0.0,0.8888888888888888,100.0,400.0
0.1111111111111111,0.8888888888888888,100.0,337.9131507199395
0.2222222222222222,0.8888888888888888,100.0,327.47802604952005
0.3333333333333333,0.8888888888888888,100.0,333.9962791269898
0.4444444444444444,0.8888888888888888,100.0,340.52964148345734
0.5555555555555556,0.8888888888888888,100.0,340.40351567998465
0.6666666666666666,0.8888888888888888,100.0,333.0943576253601
0.7777777777777777,0.8888888888888888,100.0,322.04525546926186
0.8888888888888888,0.8888888888888888,100.0,310.82531063032934
1.0,0.8888888888888888,100.0,300.0
0.0,1.0,100.0,400.0
0.1111111111111111,1.0,100.0,300.0
0.2222222222222222,1.0,100.0,300.0
0.3333333333333333,1.0,100.0,300.0
0.4444444444444444,1.0,100.0,300.0
0.5555555555555556,1.0,100.0,300.0
0.6666666666666666,1.0,100.0,300.0
0.7777777777777777,1.0,100.0,300.0
0.8888888888888888,1.0,100.0,300.0
1.0,1.0,100.0,300.0
