simulation_id,material,time_s,x_m,y_m,temperature_K
Simulation_000001,Mild Steel,8.604454805570843,0.012357168535741,0.0114569044612471,364.2724259300612
Simulation_000001,Mild Steel,8.604454805570843,0.0370715056072231,0.0114569044612471,349.5878758110065
Simulation_000001,Mild Steel,8.604454805570843,0.0617858426787053,0.0114569044612471,349.5878758110065
Simulation_000001,Mild Steel,8.604454805570843,0.0865001797501874,0.0114569044612471,349.5878758110065
Simulation_000001,Mild Steel,8.604454805570843,0.1112145168216695,0.0114569044612471,349.5878758110065
Simulation_000001,Mild Steel,8.604454805570843,0.1359288538931516,0.0114569044612471,349.5878758110065
Simulation_000001,Mild Steel,8.604454805570843,0.1606431909646337,0.0114569044612471,349.5878758110065
Simulation_000001,Mild Steel,8.604454805570843,0.1853575280361159,0.0114569044612471,349.5878758110065
Simulation_000001,Mild Steel,8.604454805570843,0.210071865107598,0.0114569044612471,349.5878758110065
Simulation_000001,Mild Steel,8.604454805570843,0.2347862021790801,0.0114569044612471,349.5878758110065
Simulation_000001,Mild Steel,8.604454805570843,0.2595005392505622,0.0114569044612471,349.5878758110065
Simulation_000001,Mild Steel,8.604454805570843,0.2842148763220444,0.0114569044612471,349.5878758110065
Simulation_000001,Mild Steel,8.604454805570843,0.3089292133935264,0.0114569044612471,349.5878758110065
Simulation_000001,Mild Steel,8.604454805570843,0.3336435504650086,0.0114569044612471,349.5878758110065
Simulation_000001,Mild Steel,8.604454805570843,0.3583578875364907,0.0114569044612471,349.5878758110065
Simulation_000001,Mild Steel,8.604454805570843,0.3830722246079728,0.0114569044612471,349.5878758110065
Simulation_000001,Mild Steel,8.604454805570843,0.407786561679455,0.0114569044612471,349.5878758110065
Simulation_000001,Mild Steel,8.604454805570843,0.4325008987509371,0.0114569044612471,349.5878758110065
Simulation_000001,Mild Steel,8.604454805570843,0.4572152358224192,0.0114569044612471,349.5878758110065
Simulation_000001,Mild Steel,8.604454805570843,0.4819295728939013,0.0114569044612471,349.5878758110065
Simulation_000001,Mild Steel,8.604454805570843,0.5066439099653836,0.0114569044612471,349.5878758110065
Simulation_000001,Mild Steel,8.604454805570843,0.5313582470368656,0.0114569044612471,349.5878758110065
Simulation_000001,Mild Steel,8.604454805570843,0.5560725841083478,0.0114569044612471,349.5878758110065
Simulation_000001,Mild Steel,8.604454805570843,0.5807869211798299,0.0114569044612471,349.5878758110065
Simulation_000001,Mild Steel,8.604454805570843,0.605501258251312,0.0114569044612471,349.5878758110065
Simulation_000001,Mild Steel,8.604454805570843,0.6302155953227941,0.0114569044612471,349.5878758110065
Simulation_000001,Mild Steel,8.604454805570843,0.6549299323942762,0.0114569044612471,349.5878758110065
Simulation_000001,Mild Steel,8.604454805570843,0.6796442694657584,0.0114569044612471,349.1150183788551
Simulation_000001,Mild Steel,8.604454805570843,0.012357168535741,0.0343707133837415,364.7464624336586
Simulation_000001,Mild Steel,8.604454805570843,0.0370715056072231,0.0343707133837415,350.06191231460394
Simulation_000001,Mild Steel,8.604454805570843,0.0617858426787053,0.0343707133837415,350.06191231460394
Simulation_000001,Mild Steel,8.604454805570843,0.0865001797501874,0.0343707133837415,350.06191231460394
Simulation_000001,Mild Steel,8.604454805570843,0.1112145168216695,0.0343707133837415,350.06191231460394
Simulation_000001,Mild Steel,8.604454805570843,0.1359288538931516,0.0343707133837415,350.06191231460394
Simulation_000001,Mild Steel,8.604454805570843,0.1606431909646337,0.0343707133837415,350.06191231460394
Simulation_000001,Mild Steel,8.604454805570843,0.1853575280361159,0.0343707133837415,350.06191231460394
Simulation_000001,Mild Steel,8.604454805570843,0.210071865107598,0.0343707133837415,350.06191231460394
Simulation_000001,Mild Steel,8.604454805570843,0.2347862021790801,0.0343707133837415,350.06191231460394
Simulation_000001,Mild Steel,8.604454805570843,0.2595005392505622,0.0343707133837415,350.06191231460394
Simulation_000001,Mild Steel,8.604454805570843,0.2842148763220444,0.0343707133837415,350.06191231460394
Simulation_000001,Mild Steel,8.604454805570843,0.3089292133935264,0.0343707133837415,350.06191231460394
Simulation_000001,Mild Steel,8.604454805570843,0.3336435504650086,0.0343707133837415,350.06191231460394
Simulation_000001,Mild Steel,8.604454805570843,0.3583578875364907,0.0343707133837415,350.06191231460394
Simulation_000001,Mild Steel,8.604454805570843,0.3830722246079728,0.0343707133837415,350.06191231460394
Simulation_000001,Mild Steel,8.604454805570843,0.407786561679455,0.0343707133837415,350.06191231460394
Simulation_000001,Mild Steel,8.604454805570843,0.4325008987509371,0.0343707133837415,350.06191231460394
Simulation_000001,Mild Steel,8.604454805570843,0.4572152358224192,0.0343707133837415,350.06191231460394
Simulation_000001,Mild Steel,8.604454805570843,0.4819295728939013,0.0343707133837415,350.06191231460394
Simulation_000001,Mild Steel,8.604454805570843,0.5066439099653836,0.0343707133837415,350.06191231460394
Simulation_000001,Mild Steel,8.604454805570843,0.5313582470368656,0.0343707133837415,350.06191231460394
Simulation_000001,Mild Steel,8.604454805570843,0.5560725841083478,0.0343707133837415,350.06191231460394
Simulation_000001,Mild Steel,8.604454805570843,0.5807869211798299,0.0343707133837415,350.06191231460394
Simulation_000001,Mild Steel,8.604454805570843,0.605501258251312,0.0343707133837415,350.06191231460394
Simulation_000001,Mild Steel,8.604454805570843,0.6302155953227941,0.0343707133837415,350.06191231460394
Simulation_000001,Mild Steel,8.604454805570843,0.6549299323942762,0.0343707133837415,350.06191231460394
Simulation_000001,Mild Steel,8.604454805570843,0.6796442694657584,0.0343707133837415,349.58905488245256
Simulation_000001,Mild Steel,8.604454805570843,0.012357168535741,0.0572845223062358,364.7464624336586
Simulation_000001,Mild Steel,8.604454805570843,0.0370715056072231,0.0572845223062358,350.06191231460394
Simulation_000001,Mild Steel,8.604454805570843,0.0617858426787053,0.0572845223062358,350.06191231460394
Simulation_000001,Mild Steel,8.604454805570843,0.0865001797501874,0.0572845223062358,350.06191231460394
Simulation_000001,Mild Steel,8.604454805570843,0.1112145168216695,0.0572845223062358,350.06191231460394
Simulation_000001,Mild Steel,8.604454805570843,0.1359288538931516,0.0572845223062358,350.06191231460394
Simulation_000001,Mild Steel,8.604454805570843,0.1606431909646337,0.0572845223062358,350.06191231460394
Simulation_000001,Mild Steel,8.604454805570843,0.1853575280361159,0.0572845223062358,350.06191231460394
Simulation_000001,Mild Steel,8.604454805570843,0.210071865107598,0.0572845223062358,350.06191231460394
Simulation_000001,Mild Steel,8.604454805570843,0.2347862021790801,0.0572845223062358,350.06191231460394
Simulation_000001,Mild Steel,8.604454805570843,0.2595005392505622,0.0572845223062358,350.06191231460394
Simulation_000001,Mild Steel,8.604454805570843,0.2842148763220444,0.0572845223062358,350.06191231460394
Simulation_000001,Mild Steel,8.604454805570843,0.3089292133935264,0.0572845223062358,350.06191231460394
Simulation_000001,Mild Steel,8.604454805570843,0.3336435504650086,0.0572845223062358,350.06191231460394
Simulation_000001,Mild Steel,8.604454805570843,0.3583578875364907,0.0572845223062358,350.06191231460394
Simulation_000001,Mild Steel,8.604454805570843,0.3830722246079728,0.0572845223062358,350.06191231460394
Simulation_000001,Mild Steel,8.604454805570843,0.407786561679455,0.0572845223062358,350.06191231460394
Simulation_000001,Mild Steel,8.604454805570843,0.4325008987509371,0.0572845223062358,350.06191231460394
Simulation_000001,Mild Steel,8.604454805570843,0.4572152358224192,0.0572845223062358,350.06191231460394
Simulation_000001,Mild Steel,8.604454805570843,0.4819295728939013,0.0572845223062358,350.06191231460394
Simulation_000001,Mild Steel,8.604454805570843,0.5066439099653836,0.0572845223062358,350.06191231460394
Simulation_000001,Mild Steel,8.604454805570843,0.5313582470368656,0.0572845223062358,350.06191231460394
Simulation_000001,Mild Steel,8.604454805570843,0.5560725841083478,0.0572845223062358,350.06191231460394
Simulation_000001,Mild Steel,8.604454805570843,0.5807869211798299,0.0572845223062358,350.06191231460394
Simulation_000001,Mild Steel,8.604454805570843,0.605501258251312,0.0572845223062358,350.06191231460394
Simulation_000001,Mild Steel,8.604454805570843,0.6302155953227941,0.0572845223062358,350.06191231460394
Simulation_000001,Mild Steel,8.604454805570843,0.6549299323942762,0.0572845223062358,350.06191231460394
Simulation_000001,Mild Steel,8.604454805570843,0.6796442694657584,0.0572845223062358,349.58905488245256
Simulation_000001,Mild Steel,8.604454805570843,0.012357168535741,0.0801983312287302,364.7464624336586
Simulation_000001,Mild Steel,8.604454805570843,0.0370715056072231,0.0801983312287302,350.06191231460394
Simulation_000001,Mild Steel,8.604454805570843,0.0617858426787053,0.0801983312287302,350.06191231460394
Simulation_000001,Mild Steel,8.604454805570843,0.0865001797501874,0.0801983312287302,350.06191231460394
Simulation_000001,Mild Steel,8.604454805570843,0.1112145168216695,0.0801983312287302,350.06191231460394
Simulation_000001,Mild Steel,8.604454805570843,0.1359288538931516,0.0801983312287302,350.06191231460394
Simulation_000001,Mild Steel,8.604454805570843,0.1606431909646337,0.0801983312287302,350.06191231460394
Simulation_000001,Mild Steel,8.604454805570843,0.1853575280361159,0.0801983312287302,350.06191231460394
Simulation_000001,Mild Steel,8.604454805570843,0.210071865107598,0.0801983312287302,350.06191231460394
Simulation_000001,Mild Steel,8.604454805570843,0.2347862021790801,0.0801983312287302,350.06191231460394
Simulation_000001,Mild Steel,8.604454805570843,0.2595005392505622,0.0801983312287302,350.06191231460394
Simulation_000001,Mild Steel,8.604454805570843,0.2842148763220444,0.0801983312287302,350.06191231460394
Simulation_000001,Mild Steel,8.604454805570843,0.3089292133935264,0.0801983312287302,350.06191231460394
Simulation_000001,Mild Steel,8.604454805570843,0.3336435504650086,0.0801983312287302,350.06191231460394
Simulation_000001,Mild Steel,8.604454805570843,0.3583578875364907,0.0801983312287302,350.06191231460394
Simulation_000001,Mild Steel,8.604454805570843,0.3830722246079728,0.0801983312287302,350.06191231460394
Simulation_000001,Mild Steel,8.604454805570843,0.407786561679455,0.0801983312287302,350.06191231460394
Simulation_000001,Mild Steel,8.604454805570843,0.4325008987509371,0.0801983312287302,350.06191231460394
Simulation_000001,Mild Steel,8.604454805570843,0.4572152358224192,0.0801983312287302,350.06191231460394
Simulation_000001,Mild Steel,8.604454805570843,0.4819295728939013,0.0801983312287302,350.06191231460394
Simulation_000001,Mild Steel,8.604454805570843,0.5066439099653836,0.0801983312287302,350.06191231460394
Simulation_000001,Mild Steel,8.604454805570843,0.5313582470368656,0.0801983312287302,350.06191231460394
Simulation_000001,Mild Steel,8.604454805570843,0.5560725841083478,0.0801983312287302,350.06191231460394
Simulation_000001,Mild Steel,8.604454805570843,0.5807869211798299,0.0801983312287302,350.06191231460394
Simulation_000001,Mild Steel,8.604454805570843,0.605501258251312,0.0801983312287302,350.06191231460394
Simulation_000001,Mild Steel,8.604454805570843,0.6302155953227941,0.0801983312287302,350.06191231460394
Simulation_000001,Mild Steel,8.604454805570843,0.6549299323942762,0.0801983312287302,350.06191231460394
Simulation_000001,Mild Steel,8.604454805570843,0.6796442694657584,0.0801983312287302,349.58905488245256
Simulation_000001,Mild Steel,8.604454805570843,0.012357168535741,0.1031121401512246,364.7464624336586
Simulation_000001,Mild Steel,8.604454805570843,0.0370715056072231,0.1031121401512246,350.06191231460394
Simulation_000001,Mild Steel,8.604454805570843,0.0617858426787053,0.1031121401512246,350.06191231460394
Simulation_000001,Mild Steel,8.604454805570843,0.0865001797501874,0.1031121401512246,350.06191231460394
Simulation_000001,Mild Steel,8.604454805570843,0.1112145168216695,0.1031121401512246,350.06191231460394
Simulation_000001,Mild Steel,8.604454805570843,0.1359288538931516,0.1031121401512246,350.06191231460394
Simulation_000001,Mild Steel,8.604454805570843,0.1606431909646337,0.1031121401512246,350.06191231460394
Simulation_000001,Mild Steel,8.604454805570843,0.1853575280361159,0.1031121401512246,350.06191231460394
Simulation_000001,Mild Steel,8.604454805570843,0.210071865107598,0.1031121401512246,350.06191231460394
Simulation_000001,Mild Steel,8.604454805570843,0.2347862021790801,0.1031121401512246,350.06191231460394
Simulation_000001,Mild Steel,8.604454805570843,0.2595005392505622,0.1031121401512246,350.06191231460394
Simulation_000001,Mild Steel,8.604454805570843,0.2842148763220444,0.1031121401512246,350.06191231460394
Simulation_000001,Mild Steel,8.604454805570843,0.3089292133935264,0.1031121401512246,350.06191231460394
Simulation_000001,Mild Steel,8.604454805570843,0.3336435504650086,0.1031121401512246,350.06191231460394
Simulation_000001,Mild Steel,8.604454805570843,0.3583578875364907,0.1031121401512246,350.06191231460394
Simulation_000001,Mild Steel,8.604454805570843,0.3830722246079728,0.1031121401512246,350.06191231460394
Simulation_000001,Mild Steel,8.604454805570843,0.407786561679455,0.1031121401512246,350.06191231460394
Simulation_000001,Mild Steel,8.604454805570843,0.4325008987509371,0.1031121401512246,350.06191231460394
Simulation_000001,Mild Steel,8.604454805570843,0.4572152358224192,0.1031121401512246,350.06191231460394
Simulation_000001,Mild Steel,8.604454805570843,0.4819295728939013,0.1031121401512246,350.06191231460394
Simulation_000001,Mild Steel,8.604454805570843,0.5066439099653836,0.1031121401512246,350.06191231460394
Simulation_000001,Mild Steel,8.604454805570843,0.5313582470368656,0.1031121401512246,350.06191231460394
Simulation_000001,Mild Steel,8.604454805570843,0.5560725841083478,0.1031121401512246,350.06191231460394
Simulation_000001,Mild Steel,8.604454805570843,0.5807869211798299,0.1031121401512246,350.06191231460394
Simulation_000001,Mild Steel,8.604454805570843,0.605501258251312,0.1031121401512246,350.06191231460394
Simulation_000001,Mild Steel,8.604454805570843,0.6302155953227941,0.1031121401512246,350.06191231460394
Simulation_000001,Mild Steel,8.604454805570843,0.6549299323942762,0.1031121401512246,350.06191231460394
Simulation_000001,Mild Steel,8.604454805570843,0.6796442694657584,0.1031121401512246,349.58905488245256
Simulation_000001,Mild Steel,8.604454805570843,0.012357168535741,0.1260259490737189,364.7464624336586
Simulation_000001,Mild Steel,8.604454805570843,0.0370715056072231,0.1260259490737189,350.06191231460394
Simulation_000001,Mild Steel,8.604454805570843,0.0617858426787053,0.1260259490737189,350.06191231460394
Simulation_000001,Mild Steel,8.604454805570843,0.0865001797501874,0.1260259490737189,350.06191231460394
Simulation_000001,Mild Steel,8.604454805570843,0.1112145168216695,0.1260259490737189,350.06191231460394
Simulation_000001,Mild Steel,8.604454805570843,0.1359288538931516,0.1260259490737189,350.06191231460394
Simulation_000001,Mild Steel,8.604454805570843,0.1606431909646337,0.1260259490737189,350.06191231460394
Simulation_000001,Mild Steel,8.604454805570843,0.1853575280361159,0.1260259490737189,350.06191231460394
Simulation_000001,Mild Steel,8.604454805570843,0.210071865107598,0.1260259490737189,350.06191231460394
Simulation_000001,Mild Steel,8.604454805570843,0.2347862021790801,0.1260259490737189,350.06191231460394
Simulation_000001,Mild Steel,8.604454805570843,0.2595005392505622,0.1260259490737189,350.06191231460394
Simulation_000001,Mild Steel,8.604454805570843,0.2842148763220444,0.1260259490737189,350.06191231460394
Simulation_000001,Mild Steel,8.604454805570843,0.3089292133935264,0.1260259490737189,350.06191231460394
Simulation_000001,Mild Steel,8.604454805570843,0.3336435504650086,0.1260259490737189,350.06191231460394
Simulation_000001,Mild Steel,8.604454805570843,0.3583578875364907,0.1260259490737189,350.06191231460394
Simulation_000001,Mild Steel,8.604454805570843,0.3830722246079728,0.1260259490737189,350.06191231460394
Simulation_000001,Mild Steel,8.604454805570843,0.407786561679455,0.1260259490737189,350.06191231460394
Simulation_000001,Mild Steel,8.604454805570843,0.4325008987509371,0.1260259490737189,350.06191231460394
Simulation_000001,Mild Steel,8.604454805570843,0.4572152358224192,0.1260259490737189,350.06191231460394
Simulation_000001,Mild Steel,8.604454805570843,0.4819295728939013,0.1260259490737189,350.06191231460394
Simulation_000001,Mild Steel,8.604454805570843,0.5066439099653836,0.1260259490737189,350.06191231460394
Simulation_000001,Mild Steel,8.604454805570843,0.5313582470368656,0.1260259490737189,350.06191231460394
Simulation_000001,Mild Steel,8.604454805570843,0.5560725841083478,0.1260259490737189,350.06191231460394
Simulation_000001,Mild Steel,8.604454805570843,0.5807869211798299,0.1260259490737189,350.06191231460394
Simulation_000001,Mild Steel,8.604454805570843,0.605501258251312,0.1260259490737189,350.06191231460394
Simulation_000001,Mild Steel,8.604454805570843,0.6302155953227941,0.1260259490737189,350.06191231460394
Simulation_000001,Mild Steel,8.604454805570843,0.6549299323942762,0.1260259490737189,350.06191231460394
Simulation_000001,Mild Steel,8.604454805570843,0.6796442694657584,0.1260259490737189,349.58905488245256
Simulation_000001,Mild Steel,8.604454805570843,0.012357168535741,0.1489397579962133,364.7464624336586
Simulation_000001,Mild Steel,8.604454805570843,0.0370715056072231,0.1489397579962133,350.06191231460394
Simulation_000001,Mild Steel,8.604454805570843,0.0617858426787053,0.1489397579962133,350.06191231460394
Simulation_000001,Mild Steel,8.604454805570843,0.0865001797501874,0.1489397579962133,350.06191231460394
Simulation_000001,Mild Steel,8.604454805570843,0.1112145168216695,0.1489397579962133,350.06191231460394
Simulation_000001,Mild Steel,8.604454805570843,0.1359288538931516,0.1489397579962133,350.06191231460394
Simulation_000001,Mild Steel,8.604454805570843,0.1606431909646337,0.1489397579962133,350.06191231460394
Simulation_000001,Mild Steel,8.604454805570843,0.1853575280361159,0.1489397579962133,350.06191231460394
Simulation_000001,Mild Steel,8.604454805570843,0.210071865107598,0.1489397579962133,350.06191231460394
Simulation_000001,Mild Steel,8.604454805570843,0.2347862021790801,0.1489397579962133,350.06191231460394
Simulation_000001,Mild Steel,8.604454805570843,0.2595005392505622,0.1489397579962133,350.06191231460394
Simulation_000001,Mild Steel,8.604454805570843,0.2842148763220444,0.1489397579962133,350.06191231460394
Simulation_000001,Mild Steel,8.604454805570843,0.3089292133935264,0.1489397579962133,350.06191231460394
Simulation_000001,Mild Steel,8.604454805570843,0.3336435504650086,0.1489397579962133,350.06191231460394
Simulation_000001,Mild Steel,8.604454805570843,0.3583578875364907,0.1489397579962133,350.06191231460394
Simulation_000001,Mild Steel,8.604454805570843,0.3830722246079728,0.1489397579962133,350.06191231460394
Simulation_000001,Mild Steel,8.604454805570843,0.407786561679455,0.1489397579962133,350.06191231460394
Simulation_000001,Mild Steel,8.604454805570843,0.4325008987509371,0.1489397579962133,350.06191231460394
Simulation_000001,Mild Steel,8.604454805570843,0.4572152358224192,0.1489397579962133,350.06191231460394
Simulation_000001,Mild Steel,8.604454805570843,0.4819295728939013,0.1489397579962133,350.06191231460394
Simulation_000001,Mild Steel,8.604454805570843,0.5066439099653836,0.1489397579962133,350.06191231460394
Simulation_000001,Mild Steel,8.604454805570843,0.5313582470368656,0.1489397579962133,350.06191231460394
Simulation_000001,Mild Steel,8.604454805570843,0.5560725841083478,0.1489397579962133,350.06191231460394
Simulation_000001,Mild Steel,8.604454805570843,0.5807869211798299,0.1489397579962133,350.06191231460394
Simulation_000001,Mild Steel,8.604454805570843,0.605501258251312,0.1489397579962133,350.06191231460394
Simulation_000001,Mild Steel,8.604454805570843,0.6302155953227941,0.1489397579962133,350.06191231460394
Simulation_000001,Mild Steel,8.604454805570843,0.6549299323942762,0.1489397579962133,350.06191231460394
Simulation_000001,Mild Steel,8.604454805570843,0.6796442694657584,0.1489397579962133,349.58905488245256
Simulation_000001,Mild Steel,8.604454805570843,0.012357168535741,0.1718535669187076,364.7464624336586
Simulation_000001,Mild Steel,8.604454805570843,0.0370715056072231,0.1718535669187076,350.06191231460394
Simulation_000001,Mild Steel,8.604454805570843,0.0617858426787053,0.1718535669187076,350.06191231460394
Simulation_000001,Mild Steel,8.604454805570843,0.0865001797501874,0.1718535669187076,350.06191231460394
Simulation_000001,Mild Steel,8.604454805570843,0.1112145168216695,0.1718535669187076,350.06191231460394
Simulation_000001,Mild Steel,8.604454805570843,0.1359288538931516,0.1718535669187076,350.06191231460394
Simulation_000001,Mild Steel,8.604454805570843,0.1606431909646337,0.1718535669187076,350.06191231460394
Simulation_000001,Mild Steel,8.604454805570843,0.1853575280361159,0.1718535669187076,350.06191231460394
Simulation_000001,Mild Steel,8.604454805570843,0.210071865107598,0.1718535669187076,350.06191231460394
Simulation_000001,Mild Steel,8.604454805570843,0.2347862021790801,0.1718535669187076,350.06191231460394
Simulation_000001,Mild Steel,8.604454805570843,0.2595005392505622,0.1718535669187076,350.06191231460394
Simulation_000001,Mild Steel,8.604454805570843,0.2842148763220444,0.1718535669187076,350.06191231460394
Simulation_000001,Mild Steel,8.604454805570843,0.3089292133935264,0.1718535669187076,350.06191231460394
Simulation_000001,Mild Steel,8.604454805570843,0.3336435504650086,0.1718535669187076,350.06191231460394
Simulation_000001,Mild Steel,8.604454805570843,0.3583578875364907,0.1718535669187076,350.06191231460394
Simulation_000001,Mild Steel,8.604454805570843,0.3830722246079728,0.1718535669187076,350.06191231460394
Simulation_000001,Mild Steel,8.604454805570843,0.407786561679455,0.1718535669187076,350.06191231460394
Simulation_000001,Mild Steel,8.604454805570843,0.4325008987509371,0.1718535669187076,350.06191231460394
Simulation_000001,Mild Steel,8.604454805570843,0.4572152358224192,0.1718535669187076,350.06191231460394
Simulation_000001,Mild Steel,8.604454805570843,0.4819295728939013,0.1718535669187076,350.06191231460394
Simulation_000001,Mild Steel,8.604454805570843,0.5066439099653836,0.1718535669187076,350.06191231460394
Simulation_000001,Mild Steel,8.604454805570843,0.5313582470368656,0.1718535669187076,350.06191231460394
Simulation_000001,Mild Steel,8.604454805570843,0.5560725841083478,0.1718535669187076,350.06191231460394
Simulation_000001,Mild Steel,8.604454805570843,0.5807869211798299,0.1718535669187076,350.06191231460394
Simulation_000001,Mild Steel,8.604454805570843,0.605501258251312,0.1718535669187076,350.06191231460394
Simulation_000001,Mild Steel,8.604454805570843,0.6302155953227941,0.1718535669187076,350.06191231460394
Simulation_000001,Mild Steel,8.604454805570843,0.6549299323942762,0.1718535669187076,350.06191231460394
Simulation_000001,Mild Steel,8.604454805570843,0.6796442694657584,0.1718535669187076,349.58905488245256
Simulation_000001,Mild Steel,8.604454805570843,0.012357168535741,0.194767375841202,364.7464624336586
Simulation_000001,Mild Steel,8.604454805570843,0.0370715056072231,0.194767375841202,350.06191231460394
Simulation_000001,Mild Steel,8.604454805570843,0.0617858426787053,0.194767375841202,350.06191231460394
Simulation_000001,Mild Steel,8.604454805570843,0.0865001797501874,0.194767375841202,350.06191231460394
Simulation_000001,Mild Steel,8.604454805570843,0.1112145168216695,0.194767375841202,350.06191231460394
Simulation_000001,Mild Steel,8.604454805570843,0.1359288538931516,0.194767375841202,350.06191231460394
Simulation_000001,Mild Steel,8.604454805570843,0.1606431909646337,0.194767375841202,350.06191231460394
Simulation_000001,Mild Steel,8.604454805570843,0.1853575280361159,0.194767375841202,350.06191231460394
Simulation_000001,Mild Steel,8.604454805570843,0.210071865107598,0.194767375841202,350.06191231460394
Simulation_000001,Mild Steel,8.604454805570843,0.2347862021790801,0.194767375841202,350.06191231460394
Simulation_000001,Mild Steel,8.604454805570843,0.2595005392505622,0.194767375841202,350.06191231460394
Simulation_000001,Mild Steel,8.604454805570843,0.2842148763220444,0.194767375841202,350.06191231460394
Simulation_000001,Mild Steel,8.604454805570843,0.3089292133935264,0.194767375841202,350.06191231460394
Simulation_000001,Mild Steel,8.604454805570843,0.3336435504650086,0.194767375841202,350.06191231460394
Simulation_000001,Mild Steel,8.604454805570843,0.3583578875364907,0.194767375841202,350.06191231460394
Simulation_000001,Mild Steel,8.604454805570843,0.3830722246079728,0.194767375841202,350.06191231460394
Simulation_000001,Mild Steel,8.604454805570843,0.407786561679455,0.194767375841202,350.06191231460394
Simulation_000001,Mild Steel,8.604454805570843,0.4325008987509371,0.194767375841202,350.06191231460394
Simulation_000001,Mild Steel,8.604454805570843,0.4572152358224192,0.194767375841202,350.06191231460394
Simulation_000001,Mild Steel,8.604454805570843,0.4819295728939013,0.194767375841202,350.06191231460394
Simulation_000001,Mild Steel,8.604454805570843,0.5066439099653836,0.194767375841202,350.06191231460394
Simulation_000001,Mild Steel,8.604454805570843,0.5313582470368656,0.194767375841202,350.06191231460394
Simulation_000001,Mild Steel,8.604454805570843,0.5560725841083478,0.194767375841202,350.06191231460394
Simulation_000001,Mild Steel,8.604454805570843,0.5807869211798299,0.194767375841202,350.06191231460394
Simulation_000001,Mild Steel,8.604454805570843,0.605501258251312,0.194767375841202,350.06191231460394
Simulation_000001,Mild Steel,8.604454805570843,0.6302155953227941,0.194767375841202,350.06191231460394
Simulation_000001,Mild Steel,8.604454805570843,0.6549299323942762,0.194767375841202,350.06191231460394
Simulation_000001,Mild Steel,8.604454805570843,0.6796442694657584,0.194767375841202,349.58905488245256
Simulation_000001,Mild Steel,8.604454805570843,0.012357168535741,0.2176811847636963,364.7464624336586
Simulation_000001,Mild Steel,8.604454805570843,0.0370715056072231,0.2176811847636963,350.06191231460394
Simulation_000001,Mild Steel,8.604454805570843,0.0617858426787053,0.2176811847636963,350.06191231460394
Simulation_000001,Mild Steel,8.604454805570843,0.0865001797501874,0.2176811847636963,350.06191231460394
Simulation_000001,Mild Steel,8.604454805570843,0.1112145168216695,0.2176811847636963,350.06191231460394
Simulation_000001,Mild Steel,8.604454805570843,0.1359288538931516,0.2176811847636963,350.06191231460394
Simulation_000001,Mild Steel,8.604454805570843,0.1606431909646337,0.2176811847636963,350.06191231460394
Simulation_000001,Mild Steel,8.604454805570843,0.1853575280361159,0.2176811847636963,350.06191231460394
Simulation_000001,Mild Steel,8.604454805570843,0.210071865107598,0.2176811847636963,350.06191231460394
Simulation_000001,Mild Steel,8.604454805570843,0.2347862021790801,0.2176811847636963,350.06191231460394
Simulation_000001,Mild Steel,8.604454805570843,0.2595005392505622,0.2176811847636963,350.06191231460394
Simulation_000001,Mild Steel,8.604454805570843,0.2842148763220444,0.2176811847636963,350.06191231460394
Simulation_000001,Mild Steel,8.604454805570843,0.3089292133935264,0.2176811847636963,350.06191231460394
Simulation_000001,Mild Steel,8.604454805570843,0.3336435504650086,0.2176811847636963,350.06191231460394
Simulation_000001,Mild Steel,8.604454805570843,0.3583578875364907,0.2176811847636963,350.06191231460394
Simulation_000001,Mild Steel,8.604454805570843,0.3830722246079728,0.2176811847636963,350.06191231460394
Simulation_000001,Mild Steel,8.604454805570843,0.407786561679455,0.2176811847636963,350.06191231460394
Simulation_000001,Mild Steel,8.604454805570843,0.4325008987509371,0.2176811847636963,350.06191231460394
Simulation_000001,Mild Steel,8.604454805570843,0.4572152358224192,0.2176811847636963,350.06191231460394
Simulation_000001,Mild Steel,8.604454805570843,0.4819295728939013,0.2176811847636963,350.06191231460394
Simulation_000001,Mild Steel,8.604454805570843,0.5066439099653836,0.2176811847636963,350.06191231460394
Simulation_000001,Mild Steel,8.604454805570843,0.5313582470368656,0.2176811847636963,350.06191231460394
Simulation_000001,Mild Steel,8.604454805570843,0.5560725841083478,0.2176811847636963,350.06191231460394
Simulation_000001,Mild Steel,8.604454805570843,0.5807869211798299,0.2176811847636963,350.06191231460394
Simulation_000001,Mild Steel,8.604454805570843,0.605501258251312,0.2176811847636963,350.06191231460394
Simulation_000001,Mild Steel,8.604454805570843,0.6302155953227941,0.2176811847636963,350.06191231460394
Simulation_000001,Mild Steel,8.604454805570843,0.6549299323942762,0.2176811847636963,350.06191231460394
Simulation_000001,Mild Steel,8.604454805570843,0.6796442694657584,0.2176811847636963,349.58905488245256
Simulation_000001,Mild Steel,8.604454805570843,0.012357168535741,0.2405949936861907,364.7464624336586
Simulation_000001,Mild Steel,8.604454805570843,0.0370715056072231,0.2405949936861907,350.06191231460394
Simulation_000001,Mild Steel,8.604454805570843,0.0617858426787053,0.2405949936861907,350.06191231460394
Simulation_000001,Mild Steel,8.604454805570843,0.0865001797501874,0.2405949936861907,350.06191231460394
Simulation_000001,Mild Steel,8.604454805570843,0.1112145168216695,0.2405949936861907,350.06191231460394
Simulation_000001,Mild Steel,8.604454805570843,0.1359288538931516,0.2405949936861907,350.06191231460394
Simulation_000001,Mild Steel,8.604454805570843,0.1606431909646337,0.2405949936861907,350.06191231460394
Simulation_000001,Mild Steel,8.604454805570843,0.1853575280361159,0.2405949936861907,350.06191231460394
Simulation_000001,Mild Steel,8.604454805570843,0.210071865107598,0.2405949936861907,350.06191231460394
Simulation_000001,Mild Steel,8.604454805570843,0.2347862021790801,0.2405949936861907,350.06191231460394
Simulation_000001,Mild Steel,8.604454805570843,0.2595005392505622,0.2405949936861907,350.06191231460394
Simulation_000001,Mild Steel,8.604454805570843,0.2842148763220444,0.2405949936861907,350.06191231460394
Simulation_000001,Mild Steel,8.604454805570843,0.3089292133935264,0.2405949936861907,350.06191231460394
Simulation_000001,Mild Steel,8.604454805570843,0.3336435504650086,0.2405949936861907,350.06191231460394
Simulation_000001,Mild Steel,8.604454805570843,0.3583578875364907,0.2405949936861907,350.06191231460394
Simulation_000001,Mild Steel,8.604454805570843,0.3830722246079728,0.2405949936861907,350.06191231460394
Simulation_000001,Mild Steel,8.604454805570843,0.407786561679455,0.2405949936861907,350.06191231460394
Simulation_000001,Mild Steel,8.604454805570843,0.4325008987509371,0.2405949936861907,350.06191231460394
Simulation_000001,Mild Steel,8.604454805570843,0.4572152358224192,0.2405949936861907,350.06191231460394
Simulation_000001,Mild Steel,8.604454805570843,0.4819295728939013,0.2405949936861907,350.06191231460394
Simulation_000001,Mild Steel,8.604454805570843,0.5066439099653836,0.2405949936861907,350.06191231460394
Simulation_000001,Mild Steel,8.604454805570843,0.5313582470368656,0.2405949936861907,350.06191231460394
Simulation_000001,Mild Steel,8.604454805570843,0.5560725841083478,0.2405949936861907,350.06191231460394
Simulation_000001,Mild Steel,8.604454805570843,0.5807869211798299,0.2405949936861907,350.06191231460394
Simulation_000001,Mild Steel,8.604454805570843,0.605501258251312,0.2405949936861907,350.06191231460394
Simulation_000001,Mild Steel,8.604454805570843,0.6302155953227941,0.2405949936861907,350.06191231460394
Simulation_000001,Mild Steel,8.604454805570843,0.6549299323942762,0.2405949936861907,350.06191231460394
Simulation_000001,Mild Steel,8.604454805570843,0.6796442694657584,0.2405949936861907,349.58905488245256
Simulation_000001,Mild Steel,8.604454805570843,0.012357168535741,0.2635088026086851,364.7464624336586
Simulation_000001,Mild Steel,8.604454805570843,0.0370715056072231,0.2635088026086851,350.06191231460394
Simulation_000001,Mild Steel,8.604454805570843,0.0617858426787053,0.2635088026086851,350.06191231460394
Simulation_000001,Mild Steel,8.604454805570843,0.0865001797501874,0.2635088026086851,350.06191231460394
Simulation_000001,Mild Steel,8.604454805570843,0.1112145168216695,0.2635088026086851,350.06191231460394
Simulation_000001,Mild Steel,8.604454805570843,0.1359288538931516,0.2635088026086851,350.06191231460394
Simulation_000001,Mild Steel,8.604454805570843,0.1606431909646337,0.2635088026086851,350.06191231460394
Simulation_000001,Mild Steel,8.604454805570843,0.1853575280361159,0.2635088026086851,350.06191231460394
Simulation_000001,Mild Steel,8.604454805570843,0.210071865107598,0.2635088026086851,350.06191231460394
Simulation_000001,Mild Steel,8.604454805570843,0.2347862021790801,0.2635088026086851,350.06191231460394
Simulation_000001,Mild Steel,8.604454805570843,0.2595005392505622,0.2635088026086851,350.06191231460394
Simulation_000001,Mild Steel,8.604454805570843,0.2842148763220444,0.2635088026086851,350.06191231460394
Simulation_000001,Mild Steel,8.604454805570843,0.3089292133935264,0.2635088026086851,350.06191231460394
Simulation_000001,Mild Steel,8.604454805570843,0.3336435504650086,0.2635088026086851,350.06191231460394
Simulation_000001,Mild Steel,8.604454805570843,0.3583578875364907,0.2635088026086851,350.06191231460394
Simulation_000001,Mild Steel,8.604454805570843,0.3830722246079728,0.2635088026086851,350.06191231460394
Simulation_000001,Mild Steel,8.604454805570843,0.407786561679455,0.2635088026086851,350.06191231460394
Simulation_000001,Mild Steel,8.604454805570843,0.4325008987509371,0.2635088026086851,350.06191231460394
Simulation_000001,Mild Steel,8.604454805570843,0.4572152358224192,0.2635088026086851,350.06191231460394
Simulation_000001,Mild Steel,8.604454805570843,0.4819295728939013,0.2635088026086851,350.06191231460394
Simulation_000001,Mild Steel,8.604454805570843,0.5066439099653836,0.2635088026086851,350.06191231460394
Simulation_000001,Mild Steel,8.604454805570843,0.5313582470368656,0.2635088026086851,350.06191231460394
Simulation_000001,Mild Steel,8.604454805570843,0.5560725841083478,0.2635088026086851,350.06191231460394
Simulation_000001,Mild Steel,8.604454805570843,0.5807869211798299,0.2635088026086851,350.06191231460394
Simulation_000001,Mild Steel,8.604454805570843,0.605501258251312,0.2635088026086851,350.06191231460394
Simulation_000001,Mild Steel,8.604454805570843,0.6302155953227941,0.2635088026086851,350.06191231460394
Simulation_000001,Mild Steel,8.604454805570843,0.6549299323942762,0.2635088026086851,350.06191231460394
Simulation_000001,Mild Steel,8.604454805570843,0.6796442694657584,0.2635088026086851,349.58905488245256
Simulation_000001,Mild Steel,8.604454805570843,0.012357168535741,0.2864226115311795,364.7464624336586
Simulation_000001,Mild Steel,8.604454805570843,0.0370715056072231,0.2864226115311795,350.06191231460394
Simulation_000001,Mild Steel,8.604454805570843,0.0617858426787053,0.2864226115311795,350.06191231460394
Simulation_000001,Mild Steel,8.604454805570843,0.0865001797501874,0.2864226115311795,350.06191231460394
Simulation_000001,Mild Steel,8.604454805570843,0.1112145168216695,0.2864226115311795,350.06191231460394
Simulation_000001,Mild Steel,8.604454805570843,0.1359288538931516,0.2864226115311795,350.06191231460394
Simulation_000001,Mild Steel,8.604454805570843,0.1606431909646337,0.2864226115311795,350.06191231460394
Simulation_000001,Mild Steel,8.604454805570843,0.1853575280361159,0.2864226115311795,350.06191231460394
Simulation_000001,Mild Steel,8.604454805570843,0.210071865107598,0.2864226115311795,350.06191231460394
Simulation_000001,Mild Steel,8.604454805570843,0.2347862021790801,0.2864226115311795,350.06191231460394
Simulation_000001,Mild Steel,8.604454805570843,0.2595005392505622,0.2864226115311795,350.06191231460394
Simulation_000001,Mild Steel,8.604454805570843,0.2842148763220444,0.2864226115311795,350.06191231460394
Simulation_000001,Mild Steel,8.604454805570843,0.3089292133935264,0.2864226115311795,350.06191231460394
Simulation_000001,Mild Steel,8.604454805570843,0.3336435504650086,0.2864226115311795,350.06191231460394
Simulation_000001,Mild Steel,8.604454805570843,0.3583578875364907,0.2864226115311795,350.06191231460394
Simulation_000001,Mild Steel,8.604454805570843,0.3830722246079728,0.2864226115311795,350.06191231460394
Simulation_000001,Mild Steel,8.604454805570843,0.407786561679455,0.2864226115311795,350.06191231460394
Simulation_000001,Mild Steel,8.604454805570843,0.4325008987509371,0.2864226115311795,350.06191231460394
Simulation_000001,Mild Steel,8.604454805570843,0.4572152358224192,0.2864226115311795,350.06191231460394
Simulation_000001,Mild Steel,8.604454805570843,0.4819295728939013,0.2864226115311795,350.06191231460394
Simulation_000001,Mild Steel,8.604454805570843,0.5066439099653836,0.2864226115311795,350.06191231460394
Simulation_000001,Mild Steel,8.604454805570843,0.5313582470368656,0.2864226115311795,350.06191231460394
Simulation_000001,Mild Steel,8.604454805570843,0.5560725841083478,0.2864226115311795,350.06191231460394
Simulation_000001,Mild Steel,8.604454805570843,0.5807869211798299,0.2864226115311795,350.06191231460394
Simulation_000001,Mild Steel,8.604454805570843,0.605501258251312,0.2864226115311795,350.06191231460394
Simulation_000001,Mild Steel,8.604454805570843,0.6302155953227941,0.2864226115311795,350.06191231460394
Simulation_000001,Mild Steel,8.604454805570843,0.6549299323942762,0.2864226115311795,350.06191231460394
Simulation_000001,Mild Steel,8.604454805570843,0.6796442694657584,0.2864226115311795,349.58905488245256
Simulation_000001,Mild Steel,8.604454805570843,0.012357168535741,0.3093364204536738,364.7464624336586
Simulation_000001,Mild Steel,8.604454805570843,0.0370715056072231,0.3093364204536738,350.06191231460394
Simulation_000001,Mild Steel,8.604454805570843,0.0617858426787053,0.3093364204536738,350.06191231460394
Simulation_000001,Mild Steel,8.604454805570843,0.0865001797501874,0.3093364204536738,350.06191231460394
Simulation_000001,Mild Steel,8.604454805570843,0.1112145168216695,0.3093364204536738,350.06191231460394
Simulation_000001,Mild Steel,8.604454805570843,0.1359288538931516,0.3093364204536738,350.06191231460394
Simulation_000001,Mild Steel,8.604454805570843,0.1606431909646337,0.3093364204536738,350.06191231460394
Simulation_000001,Mild Steel,8.604454805570843,0.1853575280361159,0.3093364204536738,350.06191231460394
Simulation_000001,Mild Steel,8.604454805570843,0.210071865107598,0.3093364204536738,350.06191231460394
Simulation_000001,Mild Steel,8.604454805570843,0.2347862021790801,0.3093364204536738,350.06191231460394
Simulation_000001,Mild Steel,8.604454805570843,0.2595005392505622,0.3093364204536738,350.06191231460394
Simulation_000001,Mild Steel,8.604454805570843,0.2842148763220444,0.3093364204536738,350.06191231460394
Simulation_000001,Mild Steel,8.604454805570843,0.3089292133935264,0.3093364204536738,350.06191231460394
Simulation_000001,Mild Steel,8.604454805570843,0.3336435504650086,0.3093364204536738,380.5913818197222
Simulation_000001,Mild Steel,8.604454805570843,0.3583578875364907,0.3093364204536738,350.06191231460394
Simulation_000001,Mild Steel,8.604454805570843,0.3830722246079728,0.3093364204536738,350.06191231460394
Simulation_000001,Mild Steel,8.604454805570843,0.407786561679455,0.3093364204536738,350.06191231460394
Simulation_000001,Mild Steel,8.604454805570843,0.4325008987509371,0.3093364204536738,350.06191231460394
Simulation_000001,Mild Steel,8.604454805570843,0.4572152358224192,0.3093364204536738,350.06191231460394
Simulation_000001,Mild Steel,8.604454805570843,0.4819295728939013,0.3093364204536738,350.06191231460394
Simulation_000001,Mild Steel,8.604454805570843,0.5066439099653836,0.3093364204536738,350.06191231460394
Simulation_000001,Mild Steel,8.604454805570843,0.5313582470368656,0.3093364204536738,350.06191231460394
Simulation_000001,Mild Steel,8.604454805570843,0.5560725841083478,0.3093364204536738,350.06191231460394
Simulation_000001,Mild Steel,8.604454805570843,0.5807869211798299,0.3093364204536738,350.06191231460394
Simulation_000001,Mild Steel,8.604454805570843,0.605501258251312,0.3093364204536738,350.06191231460394
Simulation_000001,Mild Steel,8.604454805570843,0.6302155953227941,0.3093364204536738,350.06191231460394
Simulation_000001,Mild Steel,8.604454805570843,0.6549299323942762,0.3093364204536738,350.06191231460394
Simulation_000001,Mild Steel,8.604454805570843,0.6796442694657584,0.3093364204536738,349.58905488245256
Simulation_000001,Mild Steel,8.604454805570843,0.012357168535741,0.3322502293761681,364.7464624336586
Simulation_000001,Mild Steel,8.604454805570843,0.0370715056072231,0.3322502293761681,350.06191231460394
Simulation_000001,Mild Steel,8.604454805570843,0.0617858426787053,0.3322502293761681,350.06191231460394
Simulation_000001,Mild Steel,8.604454805570843,0.0865001797501874,0.3322502293761681,350.06191231460394
Simulation_000001,Mild Steel,8.604454805570843,0.1112145168216695,0.3322502293761681,350.06191231460394
Simulation_000001,Mild Steel,8.604454805570843,0.1359288538931516,0.3322502293761681,350.06191231460394
Simulation_000001,Mild Steel,8.604454805570843,0.1606431909646337,0.3322502293761681,350.06191231460394
Simulation_000001,Mild Steel,8.604454805570843,0.1853575280361159,0.3322502293761681,350.06191231460394
Simulation_000001,Mild Steel,8.604454805570843,0.210071865107598,0.3322502293761681,350.06191231460394
Simulation_000001,Mild Steel,8.604454805570843,0.2347862021790801,0.3322502293761681,350.06191231460394
Simulation_000001,Mild Steel,8.604454805570843,0.2595005392505622,0.3322502293761681,350.06191231460394
Simulation_000001,Mild Steel,8.604454805570843,0.2842148763220444,0.3322502293761681,350.06191231460394
Simulation_000001,Mild Steel,8.604454805570843,0.3089292133935264,0.3322502293761681,350.06191231460394
Simulation_000001,Mild Steel,8.604454805570843,0.3336435504650086,0.3322502293761681,350.06191231460394
Simulation_000001,Mild Steel,8.604454805570843,0.3583578875364907,0.3322502293761681,350.06191231460394
Simulation_000001,Mild Steel,8.604454805570843,0.3830722246079728,0.3322502293761681,350.06191231460394
Simulation_000001,Mild Steel,8.604454805570843,0.407786561679455,0.3322502293761681,350.06191231460394
Simulation_000001,Mild Steel,8.604454805570843,0.4325008987509371,0.3322502293761681,350.06191231460394
Simulation_000001,Mild Steel,8.604454805570843,0.4572152358224192,0.3322502293761681,350.06191231460394
Simulation_000001,Mild Steel,8.604454805570843,0.4819295728939013,0.3322502293761681,350.06191231460394
Simulation_000001,Mild Steel,8.604454805570843,0.5066439099653836,0.3322502293761681,350.06191231460394
Simulation_000001,Mild Steel,8.604454805570843,0.5313582470368656,0.3322502293761681,350.06191231460394
Simulation_000001,Mild Steel,8.604454805570843,0.5560725841083478,0.3322502293761681,350.06191231460394
Simulation_000001,Mild Steel,8.604454805570843,0.5807869211798299,0.3322502293761681,350.06191231460394
Simulation_000001,Mild Steel,8.604454805570843,0.605501258251312,0.3322502293761681,350.06191231460394
Simulation_000001,Mild Steel,8.604454805570843,0.6302155953227941,0.3322502293761681,350.06191231460394
Simulation_000001,Mild Steel,8.604454805570843,0.6549299323942762,0.3322502293761681,350.06191231460394
Simulation_000001,Mild Steel,8.604454805570843,0.6796442694657584,0.3322502293761681,349.58905488245256
Simulation_000001,Mild Steel,8.604454805570843,0.012357168535741,0.3551640382986625,364.7464624336586
Simulation_000001,Mild Steel,8.604454805570843,0.0370715056072231,0.3551640382986625,350.06191231460394
Simulation_000001,Mild Steel,8.604454805570843,0.0617858426787053,0.3551640382986625,350.06191231460394
Simulation_000001,Mild Steel,8.604454805570843,0.0865001797501874,0.3551640382986625,350.06191231460394
Simulation_000001,Mild Steel,8.604454805570843,0.1112145168216695,0.3551640382986625,350.06191231460394
Simulation_000001,Mild Steel,8.604454805570843,0.1359288538931516,0.3551640382986625,350.06191231460394
Simulation_000001,Mild Steel,8.604454805570843,0.1606431909646337,0.3551640382986625,350.06191231460394
Simulation_000001,Mild Steel,8.604454805570843,0.1853575280361159,0.3551640382986625,350.06191231460394
Simulation_000001,Mild Steel,8.604454805570843,0.210071865107598,0.3551640382986625,350.06191231460394
Simulation_000001,Mild Steel,8.604454805570843,0.2347862021790801,0.3551640382986625,350.06191231460394
Simulation_000001,Mild Steel,8.604454805570843,0.2595005392505622,0.3551640382986625,350.06191231460394
Simulation_000001,Mild Steel,8.604454805570843,0.2842148763220444,0.3551640382986625,350.06191231460394
Simulation_000001,Mild Steel,8.604454805570843,0.3089292133935264,0.3551640382986625,350.06191231460394
Simulation_000001,Mild Steel,8.604454805570843,0.3336435504650086,0.3551640382986625,350.06191231460394
Simulation_000001,Mild Steel,8.604454805570843,0.3583578875364907,0.3551640382986625,350.06191231460394
Simulation_000001,Mild Steel,8.604454805570843,0.3830722246079728,0.3551640382986625,350.06191231460394
Simulation_000001,Mild Steel,8.604454805570843,0.407786561679455,0.3551640382986625,350.06191231460394
Simulation_000001,Mild Steel,8.604454805570843,0.4325008987509371,0.3551640382986625,350.06191231460394
Simulation_000001,Mild Steel,8.604454805570843,0.4572152358224192,0.3551640382986625,350.06191231460394
Simulation_000001,Mild Steel,8.604454805570843,0.4819295728939013,0.3551640382986625,350.06191231460394
Simulation_000001,Mild Steel,8.604454805570843,0.5066439099653836,0.3551640382986625,350.06191231460394
Simulation_000001,Mild Steel,8.604454805570843,0.5313582470368656,0.3551640382986625,350.06191231460394
Simulation_000001,Mild Steel,8.604454805570843,0.5560725841083478,0.3551640382986625,350.06191231460394
Simulation_000001,Mild Steel,8.604454805570843,0.5807869211798299,0.3551640382986625,350.06191231460394
Simulation_000001,Mild Steel,8.604454805570843,0.605501258251312,0.3551640382986625,350.06191231460394
Simulation_000001,Mild Steel,8.604454805570843,0.6302155953227941,0.3551640382986625,350.06191231460394
Simulation_000001,Mild Steel,8.604454805570843,0.6549299323942762,0.3551640382986625,350.06191231460394
Simulation_000001,Mild Steel,8.604454805570843,0.6796442694657584,0.3551640382986625,349.58905488245256
Simulation_000001,Mild Steel,8.604454805570843,0.012357168535741,0.3780778472211569,364.7464624336586
Simulation_000001,Mild Steel,8.604454805570843,0.0370715056072231,0.3780778472211569,350.06191231460394
Simulation_000001,Mild Steel,8.604454805570843,0.0617858426787053,0.3780778472211569,350.06191231460394
Simulation_000001,Mild Steel,8.604454805570843,0.0865001797501874,0.3780778472211569,350.06191231460394
Simulation_000001,Mild Steel,8.604454805570843,0.1112145168216695,0.3780778472211569,350.06191231460394
Simulation_000001,Mild Steel,8.604454805570843,0.1359288538931516,0.3780778472211569,350.06191231460394
Simulation_000001,Mild Steel,8.604454805570843,0.1606431909646337,0.3780778472211569,350.06191231460394
Simulation_000001,Mild Steel,8.604454805570843,0.1853575280361159,0.3780778472211569,350.06191231460394
Simulation_000001,Mild Steel,8.604454805570843,0.210071865107598,0.3780778472211569,350.06191231460394
Simulation_000001,Mild Steel,8.604454805570843,0.2347862021790801,0.3780778472211569,350.06191231460394
Simulation_000001,Mild Steel,8.604454805570843,0.2595005392505622,0.3780778472211569,350.06191231460394
Simulation_000001,Mild Steel,8.604454805570843,0.2842148763220444,0.3780778472211569,350.06191231460394
Simulation_000001,Mild Steel,8.604454805570843,0.3089292133935264,0.3780778472211569,350.06191231460394
Simulation_000001,Mild Steel,8.604454805570843,0.3336435504650086,0.3780778472211569,350.06191231460394
Simulation_000001,Mild Steel,8.604454805570843,0.3583578875364907,0.3780778472211569,350.06191231460394
Simulation_000001,Mild Steel,8.604454805570843,0.3830722246079728,0.3780778472211569,350.06191231460394
Simulation_000001,Mild Steel,8.604454805570843,0.407786561679455,0.3780778472211569,350.06191231460394
Simulation_000001,Mild Steel,8.604454805570843,0.4325008987509371,0.3780778472211569,350.06191231460394
Simulation_000001,Mild Steel,8.604454805570843,0.4572152358224192,0.3780778472211569,350.06191231460394
Simulation_000001,Mild Steel,8.604454805570843,0.4819295728939013,0.3780778472211569,350.06191231460394
Simulation_000001,Mild Steel,8.604454805570843,0.5066439099653836,0.3780778472211569,350.06191231460394
Simulation_000001,Mild Steel,8.604454805570843,0.5313582470368656,0.3780778472211569,350.06191231460394
Simulation_000001,Mild Steel,8.604454805570843,0.5560725841083478,0.3780778472211569,350.06191231460394
Simulation_000001,Mild Steel,8.604454805570843,0.5807869211798299,0.3780778472211569,350.06191231460394
Simulation_000001,Mild Steel,8.604454805570843,0.605501258251312,0.3780778472211569,350.06191231460394
Simulation_000001,Mild Steel,8.604454805570843,0.6302155953227941,0.3780778472211569,350.06191231460394
Simulation_000001,Mild Steel,8.604454805570843,0.6549299323942762,0.3780778472211569,350.06191231460394
Simulation_000001,Mild Steel,8.604454805570843,0.6796442694657584,0.3780778472211569,349.58905488245256
Simulation_000001,Mild Steel,8.604454805570843,0.012357168535741,0.4009916561436512,364.7464624336586
Simulation_000001,Mild Steel,8.604454805570843,0.0370715056072231,0.4009916561436512,350.06191231460394
Simulation_000001,Mild Steel,8.604454805570843,0.0617858426787053,0.4009916561436512,350.06191231460394
Simulation_000001,Mild Steel,8.604454805570843,0.0865001797501874,0.4009916561436512,350.06191231460394
Simulation_000001,Mild Steel,8.604454805570843,0.1112145168216695,0.4009916561436512,350.06191231460394
Simulation_000001,Mild Steel,8.604454805570843,0.1359288538931516,0.4009916561436512,350.06191231460394
Simulation_000001,Mild Steel,8.604454805570843,0.1606431909646337,0.4009916561436512,350.06191231460394
Simulation_000001,Mild Steel,8.604454805570843,0.1853575280361159,0.4009916561436512,350.06191231460394
Simulation_000001,Mild Steel,8.604454805570843,0.210071865107598,0.4009916561436512,350.06191231460394
Simulation_000001,Mild Steel,8.604454805570843,0.2347862021790801,0.4009916561436512,350.06191231460394
Simulation_000001,Mild Steel,8.604454805570843,0.2595005392505622,0.4009916561436512,350.06191231460394
Simulation_000001,Mild Steel,8.604454805570843,0.2842148763220444,0.4009916561436512,350.06191231460394
Simulation_000001,Mild Steel,8.604454805570843,0.3089292133935264,0.4009916561436512,350.06191231460394
Simulation_000001,Mild Steel,8.604454805570843,0.3336435504650086,0.4009916561436512,350.06191231460394
Simulation_000001,Mild Steel,8.604454805570843,0.3583578875364907,0.4009916561436512,350.06191231460394
Simulation_000001,Mild Steel,8.604454805570843,0.3830722246079728,0.4009916561436512,350.06191231460394
Simulation_000001,Mild Steel,8.604454805570843,0.407786561679455,0.4009916561436512,350.06191231460394
Simulation_000001,Mild Steel,8.604454805570843,0.4325008987509371,0.4009916561436512,350.06191231460394
Simulation_000001,Mild Steel,8.604454805570843,0.4572152358224192,0.4009916561436512,350.06191231460394
Simulation_000001,Mild Steel,8.604454805570843,0.4819295728939013,0.4009916561436512,350.06191231460394
Simulation_000001,Mild Steel,8.604454805570843,0.5066439099653836,0.4009916561436512,350.06191231460394
Simulation_000001,Mild Steel,8.604454805570843,0.5313582470368656,0.4009916561436512,350.06191231460394
Simulation_000001,Mild Steel,8.604454805570843,0.5560725841083478,0.4009916561436512,350.06191231460394
Simulation_000001,Mild Steel,8.604454805570843,0.5807869211798299,0.4009916561436512,350.06191231460394
Simulation_000001,Mild Steel,8.604454805570843,0.605501258251312,0.4009916561436512,350.06191231460394
Simulation_000001,Mild Steel,8.604454805570843,0.6302155953227941,0.4009916561436512,350.06191231460394
Simulation_000001,Mild Steel,8.604454805570843,0.6549299323942762,0.4009916561436512,350.06191231460394
Simulation_000001,Mild Steel,8.604454805570843,0.6796442694657584,0.4009916561436512,349.58905488245256
Simulation_000001,Mild Steel,8.604454805570843,0.012357168535741,0.4239054650661456,364.7464624336586
Simulation_000001,Mild Steel,8.604454805570843,0.0370715056072231,0.4239054650661456,350.06191231460394
Simulation_000001,Mild Steel,8.604454805570843,0.0617858426787053,0.4239054650661456,350.06191231460394
Simulation_000001,Mild Steel,8.604454805570843,0.0865001797501874,0.4239054650661456,350.06191231460394
Simulation_000001,Mild Steel,8.604454805570843,0.1112145168216695,0.4239054650661456,350.06191231460394
Simulation_000001,Mild Steel,8.604454805570843,0.1359288538931516,0.4239054650661456,350.06191231460394
Simulation_000001,Mild Steel,8.604454805570843,0.1606431909646337,0.4239054650661456,350.06191231460394
Simulation_000001,Mild Steel,8.604454805570843,0.1853575280361159,0.4239054650661456,350.06191231460394
Simulation_000001,Mild Steel,8.604454805570843,0.210071865107598,0.4239054650661456,350.06191231460394
Simulation_000001,Mild Steel,8.604454805570843,0.2347862021790801,0.4239054650661456,350.06191231460394
Simulation_000001,Mild Steel,8.604454805570843,0.2595005392505622,0.4239054650661456,350.06191231460394
Simulation_000001,Mild Steel,8.604454805570843,0.2842148763220444,0.4239054650661456,350.06191231460394
Simulation_000001,Mild Steel,8.604454805570843,0.3089292133935264,0.4239054650661456,350.06191231460394
Simulation_000001,Mild Steel,8.604454805570843,0.3336435504650086,0.4239054650661456,350.06191231460394
Simulation_000001,Mild Steel,8.604454805570843,0.3583578875364907,0.4239054650661456,350.06191231460394
Simulation_000001,Mild Steel,8.604454805570843,0.3830722246079728,0.4239054650661456,350.06191231460394
Simulation_000001,Mild Steel,8.604454805570843,0.407786561679455,0.4239054650661456,350.06191231460394
Simulation_000001,Mild Steel,8.604454805570843,0.4325008987509371,0.4239054650661456,350.06191231460394
Simulation_000001,Mild Steel,8.604454805570843,0.4572152358224192,0.4239054650661456,350.06191231460394
Simulation_000001,Mild Steel,8.604454805570843,0.4819295728939013,0.4239054650661456,350.06191231460394
Simulation_000001,Mild Steel,8.604454805570843,0.5066439099653836,0.4239054650661456,350.06191231460394
Simulation_000001,Mild Steel,8.604454805570843,0.5313582470368656,0.4239054650661456,350.06191231460394
Simulation_000001,Mild Steel,8.604454805570843,0.5560725841083478,0.4239054650661456,350.06191231460394
Simulation_000001,Mild Steel,8.604454805570843,0.5807869211798299,0.4239054650661456,350.06191231460394
Simulation_000001,Mild Steel,8.604454805570843,0.605501258251312,0.4239054650661456,350.06191231460394
Simulation_000001,Mild Steel,8.604454805570843,0.6302155953227941,0.4239054650661456,350.06191231460394
Simulation_000001,Mild Steel,8.604454805570843,0.6549299323942762,0.4239054650661456,350.06191231460394
Simulation_000001,Mild Steel,8.604454805570843,0.6796442694657584,0.4239054650661456,349.58905488245256
Simulation_000001,Mild Steel,8.604454805570843,0.012357168535741,0.4468192739886399,364.7464624336586
Simulation_000001,Mild Steel,8.604454805570843,0.0370715056072231,0.4468192739886399,350.06191231460394
Simulation_000001,Mild Steel,8.604454805570843,0.0617858426787053,0.4468192739886399,350.06191231460394
Simulation_000001,Mild Steel,8.604454805570843,0.0865001797501874,0.4468192739886399,350.06191231460394
Simulation_000001,Mild Steel,8.604454805570843,0.1112145168216695,0.4468192739886399,350.06191231460394
Simulation_000001,Mild Steel,8.604454805570843,0.1359288538931516,0.4468192739886399,350.06191231460394
Simulation_000001,Mild Steel,8.604454805570843,0.1606431909646337,0.4468192739886399,350.06191231460394
Simulation_000001,Mild Steel,8.604454805570843,0.1853575280361159,0.4468192739886399,350.06191231460394
Simulation_000001,Mild Steel,8.604454805570843,0.210071865107598,0.4468192739886399,350.06191231460394
Simulation_000001,Mild Steel,8.604454805570843,0.2347862021790801,0.4468192739886399,350.06191231460394
Simulation_000001,Mild Steel,8.604454805570843,0.2595005392505622,0.4468192739886399,350.06191231460394
Simulation_000001,Mild Steel,8.604454805570843,0.2842148763220444,0.4468192739886399,350.06191231460394
Simulation_000001,Mild Steel,8.604454805570843,0.3089292133935264,0.4468192739886399,350.06191231460394
Simulation_000001,Mild Steel,8.604454805570843,0.3336435504650086,0.4468192739886399,350.06191231460394
Simulation_000001,Mild Steel,8.604454805570843,0.3583578875364907,0.4468192739886399,350.06191231460394
Simulation_000001,Mild Steel,8.604454805570843,0.3830722246079728,0.4468192739886399,350.06191231460394
Simulation_000001,Mild Steel,8.604454805570843,0.407786561679455,0.4468192739886399,350.06191231460394
Simulation_000001,Mild Steel,8.604454805570843,0.4325008987509371,0.4468192739886399,350.06191231460394
Simulation_000001,Mild Steel,8.604454805570843,0.4572152358224192,0.4468192739886399,350.06191231460394
Simulation_000001,Mild Steel,8.604454805570843,0.4819295728939013,0.4468192739886399,350.06191231460394
Simulation_000001,Mild Steel,8.604454805570843,0.5066439099653836,0.4468192739886399,350.06191231460394
Simulation_000001,Mild Steel,8.604454805570843,0.5313582470368656,0.4468192739886399,350.06191231460394
Simulation_000001,Mild Steel,8.604454805570843,0.5560725841083478,0.4468192739886399,350.06191231460394
Simulation_000001,Mild Steel,8.604454805570843,0.5807869211798299,0.4468192739886399,350.06191231460394
Simulation_000001,Mild Steel,8.604454805570843,0.605501258251312,0.4468192739886399,350.06191231460394
Simulation_000001,Mild Steel,8.604454805570843,0.6302155953227941,0.4468192739886399,350.06191231460394
Simulation_000001,Mild Steel,8.604454805570843,0.6549299323942762,0.4468192739886399,350.06191231460394
Simulation_000001,Mild Steel,8.604454805570843,0.6796442694657584,0.4468192739886399,349.58905488245256
Simulation_000001,Mild Steel,8.604454805570843,0.012357168535741,0.4697330829111343,364.7464624336586
Simulation_000001,Mild Steel,8.604454805570843,0.0370715056072231,0.4697330829111343,350.06191231460394
Simulation_000001,Mild Steel,8.604454805570843,0.0617858426787053,0.4697330829111343,350.06191231460394
Simulation_000001,Mild Steel,8.604454805570843,0.0865001797501874,0.4697330829111343,350.06191231460394
Simulation_000001,Mild Steel,8.604454805570843,0.1112145168216695,0.4697330829111343,350.06191231460394
Simulation_000001,Mild Steel,8.604454805570843,0.1359288538931516,0.4697330829111343,350.06191231460394
Simulation_000001,Mild Steel,8.604454805570843,0.1606431909646337,0.4697330829111343,350.06191231460394
Simulation_000001,Mild Steel,8.604454805570843,0.1853575280361159,0.4697330829111343,350.06191231460394
Simulation_000001,Mild Steel,8.604454805570843,0.210071865107598,0.4697330829111343,350.06191231460394
Simulation_000001,Mild Steel,8.604454805570843,0.2347862021790801,0.4697330829111343,350.06191231460394
Simulation_000001,Mild Steel,8.604454805570843,0.2595005392505622,0.4697330829111343,350.06191231460394
Simulation_000001,Mild Steel,8.604454805570843,0.2842148763220444,0.4697330829111343,350.06191231460394
Simulation_000001,Mild Steel,8.604454805570843,0.3089292133935264,0.4697330829111343,350.06191231460394
Simulation_000001,Mild Steel,8.604454805570843,0.3336435504650086,0.4697330829111343,350.06191231460394
Simulation_000001,Mild Steel,8.604454805570843,0.3583578875364907,0.4697330829111343,350.06191231460394
Simulation_000001,Mild Steel,8.604454805570843,0.3830722246079728,0.4697330829111343,350.06191231460394
Simulation_000001,Mild Steel,8.604454805570843,0.407786561679455,0.4697330829111343,350.06191231460394
Simulation_000001,Mild Steel,8.604454805570843,0.4325008987509371,0.4697330829111343,350.06191231460394
Simulation_000001,Mild Steel,8.604454805570843,0.4572152358224192,0.4697330829111343,350.06191231460394
Simulation_000001,Mild Steel,8.604454805570843,0.4819295728939013,0.4697330829111343,350.06191231460394
Simulation_000001,Mild Steel,8.604454805570843,0.5066439099653836,0.4697330829111343,350.06191231460394
Simulation_000001,Mild Steel,8.604454805570843,0.5313582470368656,0.4697330829111343,350.06191231460394
Simulation_000001,Mild Steel,8.604454805570843,0.5560725841083478,0.4697330829111343,350.06191231460394
Simulation_000001,Mild Steel,8.604454805570843,0.5807869211798299,0.4697330829111343,350.06191231460394
Simulation_000001,Mild Steel,8.604454805570843,0.605501258251312,0.4697330829111343,350.06191231460394
Simulation_000001,Mild Steel,8.604454805570843,0.6302155953227941,0.4697330829111343,350.06191231460394
Simulation_000001,Mild Steel,8.604454805570843,0.6549299323942762,0.4697330829111343,350.06191231460394
Simulation_000001,Mild Steel,8.604454805570843,0.6796442694657584,0.4697330829111343,349.58905488245256
Simulation_000001,Mild Steel,8.604454805570843,0.012357168535741,0.4926468918336287,364.7464624336586
Simulation_000001,Mild Steel,8.604454805570843,0.0370715056072231,0.4926468918336287,350.06191231460394
Simulation_000001,Mild Steel,8.604454805570843,0.0617858426787053,0.4926468918336287,350.06191231460394
Simulation_000001,Mild Steel,8.604454805570843,0.0865001797501874,0.4926468918336287,350.06191231460394
Simulation_000001,Mild Steel,8.604454805570843,0.1112145168216695,0.4926468918336287,350.06191231460394
Simulation_000001,Mild Steel,8.604454805570843,0.1359288538931516,0.4926468918336287,350.06191231460394
Simulation_000001,Mild Steel,8.604454805570843,0.1606431909646337,0.4926468918336287,350.06191231460394
Simulation_000001,Mild Steel,8.604454805570843,0.1853575280361159,0.4926468918336287,350.06191231460394
Simulation_000001,Mild Steel,8.604454805570843,0.210071865107598,0.4926468918336287,350.06191231460394
Simulation_000001,Mild Steel,8.604454805570843,0.2347862021790801,0.4926468918336287,350.06191231460394
Simulation_000001,Mild Steel,8.604454805570843,0.2595005392505622,0.4926468918336287,350.06191231460394
Simulation_000001,Mild Steel,8.604454805570843,0.2842148763220444,0.4926468918336287,350.06191231460394
Simulation_000001,Mild Steel,8.604454805570843,0.3089292133935264,0.4926468918336287,350.06191231460394
Simulation_000001,Mild Steel,8.604454805570843,0.3336435504650086,0.4926468918336287,350.06191231460394
Simulation_000001,Mild Steel,8.604454805570843,0.3583578875364907,0.4926468918336287,350.06191231460394
Simulation_000001,Mild Steel,8.604454805570843,0.3830722246079728,0.4926468918336287,350.06191231460394
Simulation_000001,Mild Steel,8.604454805570843,0.407786561679455,0.4926468918336287,350.06191231460394
Simulation_000001,Mild Steel,8.604454805570843,0.4325008987509371,0.4926468918336287,350.06191231460394
Simulation_000001,Mild Steel,8.604454805570843,0.4572152358224192,0.4926468918336287,350.06191231460394
Simulation_000001,Mild Steel,8.604454805570843,0.4819295728939013,0.4926468918336287,350.06191231460394
Simulation_000001,Mild Steel,8.604454805570843,0.5066439099653836,0.4926468918336287,350.06191231460394
Simulation_000001,Mild Steel,8.604454805570843,0.5313582470368656,0.4926468918336287,350.06191231460394
Simulation_000001,Mild Steel,8.604454805570843,0.5560725841083478,0.4926468918336287,350.06191231460394
Simulation_000001,Mild Steel,8.604454805570843,0.5807869211798299,0.4926468918336287,350.06191231460394
Simulation_000001,Mild Steel,8.604454805570843,0.605501258251312,0.4926468918336287,350.06191231460394
Simulation_000001,Mild Steel,8.604454805570843,0.6302155953227941,0.4926468918336287,350.06191231460394
Simulation_000001,Mild Steel,8.604454805570843,0.6549299323942762,0.4926468918336287,350.06191231460394
Simulation_000001,Mild Steel,8.604454805570843,0.6796442694657584,0.4926468918336287,349.58905488245256
Simulation_000001,Mild Steel,8.604454805570843,0.012357168535741,0.5155607007561229,364.7464624336586
Simulation_000001,Mild Steel,8.604454805570843,0.0370715056072231,0.5155607007561229,350.06191231460394
Simulation_000001,Mild Steel,8.604454805570843,0.0617858426787053,0.5155607007561229,350.06191231460394
Simulation_000001,Mild Steel,8.604454805570843,0.0865001797501874,0.5155607007561229,350.06191231460394
Simulation_000001,Mild Steel,8.604454805570843,0.1112145168216695,0.5155607007561229,350.06191231460394
Simulation_000001,Mild Steel,8.604454805570843,0.1359288538931516,0.5155607007561229,350.06191231460394
Simulation_000001,Mild Steel,8.604454805570843,0.1606431909646337,0.5155607007561229,350.06191231460394
Simulation_000001,Mild Steel,8.604454805570843,0.1853575280361159,0.5155607007561229,350.06191231460394
Simulation_000001,Mild Steel,8.604454805570843,0.210071865107598,0.5155607007561229,350.06191231460394
Simulation_000001,Mild Steel,8.604454805570843,0.2347862021790801,0.5155607007561229,350.06191231460394
Simulation_000001,Mild Steel,8.604454805570843,0.2595005392505622,0.5155607007561229,350.06191231460394
Simulation_000001,Mild Steel,8.604454805570843,0.2842148763220444,0.5155607007561229,350.06191231460394
Simulation_000001,Mild Steel,8.604454805570843,0.3089292133935264,0.5155607007561229,350.06191231460394
Simulation_000001,Mild Steel,8.604454805570843,0.3336435504650086,0.5155607007561229,350.06191231460394
Simulation_000001,Mild Steel,8.604454805570843,0.3583578875364907,0.5155607007561229,350.06191231460394
Simulation_000001,Mild Steel,8.604454805570843,0.3830722246079728,0.5155607007561229,350.06191231460394
Simulation_000001,Mild Steel,8.604454805570843,0.407786561679455,0.5155607007561229,350.06191231460394
Simulation_000001,Mild Steel,8.604454805570843,0.4325008987509371,0.5155607007561229,350.06191231460394
Simulation_000001,Mild Steel,8.604454805570843,0.4572152358224192,0.5155607007561229,350.06191231460394
Simulation_000001,Mild Steel,8.604454805570843,0.4819295728939013,0.5155607007561229,350.06191231460394
Simulation_000001,Mild Steel,8.604454805570843,0.5066439099653836,0.5155607007561229,350.06191231460394
Simulation_000001,Mild Steel,8.604454805570843,0.5313582470368656,0.5155607007561229,350.06191231460394
Simulation_000001,Mild Steel,8.604454805570843,0.5560725841083478,0.5155607007561229,350.06191231460394
Simulation_000001,Mild Steel,8.604454805570843,0.5807869211798299,0.5155607007561229,350.06191231460394
Simulation_000001,Mild Steel,8.604454805570843,0.605501258251312,0.5155607007561229,350.06191231460394
Simulation_000001,Mild Steel,8.604454805570843,0.6302155953227941,0.5155607007561229,350.06191231460394
Simulation_000001,Mild Steel,8.604454805570843,0.6549299323942762,0.5155607007561229,350.06191231460394
Simulation_000001,Mild Steel,8.604454805570843,0.6796442694657584,0.5155607007561229,349.58905488245256
Simulation_000001,Mild Steel,8.604454805570843,0.012357168535741,0.5384745096786173,364.7464624336586
Simulation_000001,Mild Steel,8.604454805570843,0.0370715056072231,0.5384745096786173,350.06191231460394
Simulation_000001,Mild Steel,8.604454805570843,0.0617858426787053,0.5384745096786173,350.06191231460394
Simulation_000001,Mild Steel,8.604454805570843,0.0865001797501874,0.5384745096786173,350.06191231460394
Simulation_000001,Mild Steel,8.604454805570843,0.1112145168216695,0.5384745096786173,350.06191231460394
Simulation_000001,Mild Steel,8.604454805570843,0.1359288538931516,0.5384745096786173,350.06191231460394
Simulation_000001,Mild Steel,8.604454805570843,0.1606431909646337,0.5384745096786173,350.06191231460394
Simulation_000001,Mild Steel,8.604454805570843,0.1853575280361159,0.5384745096786173,350.06191231460394
Simulation_000001,Mild Steel,8.604454805570843,0.210071865107598,0.5384745096786173,350.06191231460394
Simulation_000001,Mild Steel,8.604454805570843,0.2347862021790801,0.5384745096786173,350.06191231460394
Simulation_000001,Mild Steel,8.604454805570843,0.2595005392505622,0.5384745096786173,350.06191231460394
Simulation_000001,Mild Steel,8.604454805570843,0.2842148763220444,0.5384745096786173,350.06191231460394
Simulation_000001,Mild Steel,8.604454805570843,0.3089292133935264,0.5384745096786173,350.06191231460394
Simulation_000001,Mild Steel,8.604454805570843,0.3336435504650086,0.5384745096786173,350.06191231460394
Simulation_000001,Mild Steel,8.604454805570843,0.3583578875364907,0.5384745096786173,350.06191231460394
Simulation_000001,Mild Steel,8.604454805570843,0.3830722246079728,0.5384745096786173,350.06191231460394
Simulation_000001,Mild Steel,8.604454805570843,0.407786561679455,0.5384745096786173,350.06191231460394
Simulation_000001,Mild Steel,8.604454805570843,0.4325008987509371,0.5384745096786173,350.06191231460394
Simulation_000001,Mild Steel,8.604454805570843,0.4572152358224192,0.5384745096786173,350.06191231460394
Simulation_000001,Mild Steel,8.604454805570843,0.4819295728939013,0.5384745096786173,350.06191231460394
Simulation_000001,Mild Steel,8.604454805570843,0.5066439099653836,0.5384745096786173,350.06191231460394
Simulation_000001,Mild Steel,8.604454805570843,0.5313582470368656,0.5384745096786173,350.06191231460394
Simulation_000001,Mild Steel,8.604454805570843,0.5560725841083478,0.5384745096786173,350.06191231460394
Simulation_000001,Mild Steel,8.604454805570843,0.5807869211798299,0.5384745096786173,350.06191231460394
Simulation_000001,Mild Steel,8.604454805570843,0.605501258251312,0.5384745096786173,350.06191231460394
Simulation_000001,Mild Steel,8.604454805570843,0.6302155953227941,0.5384745096786173,350.06191231460394
Simulation_000001,Mild Steel,8.604454805570843,0.6549299323942762,0.5384745096786173,350.06191231460394
Simulation_000001,Mild Steel,8.604454805570843,0.6796442694657584,0.5384745096786173,349.58905488245256
Simulation_000001,Mild Steel,8.604454805570843,0.012357168535741,0.5613883186011117,364.7464624336586
Simulation_000001,Mild Steel,8.604454805570843,0.0370715056072231,0.5613883186011117,350.06191231460394
Simulation_000001,Mild Steel,8.604454805570843,0.0617858426787053,0.5613883186011117,350.06191231460394
Simulation_000001,Mild Steel,8.604454805570843,0.0865001797501874,0.5613883186011117,350.06191231460394
Simulation_000001,Mild Steel,8.604454805570843,0.1112145168216695,0.5613883186011117,350.06191231460394
Simulation_000001,Mild Steel,8.604454805570843,0.1359288538931516,0.5613883186011117,350.06191231460394
Simulation_000001,Mild Steel,8.604454805570843,0.1606431909646337,0.5613883186011117,350.06191231460394
Simulation_000001,Mild Steel,8.604454805570843,0.1853575280361159,0.5613883186011117,350.06191231460394
Simulation_000001,Mild Steel,8.604454805570843,0.210071865107598,0.5613883186011117,350.06191231460394
Simulation_000001,Mild Steel,8.604454805570843,0.2347862021790801,0.5613883186011117,350.06191231460394
Simulation_000001,Mild Steel,8.604454805570843,0.2595005392505622,0.5613883186011117,350.06191231460394
Simulation_000001,Mild Steel,8.604454805570843,0.2842148763220444,0.5613883186011117,350.06191231460394
Simulation_000001,Mild Steel,8.604454805570843,0.3089292133935264,0.5613883186011117,350.06191231460394
Simulation_000001,Mild Steel,8.604454805570843,0.3336435504650086,0.5613883186011117,350.06191231460394
Simulation_000001,Mild Steel,8.604454805570843,0.3583578875364907,0.5613883186011117,350.06191231460394
Simulation_000001,Mild Steel,8.604454805570843,0.3830722246079728,0.5613883186011117,350.06191231460394
Simulation_000001,Mild Steel,8.604454805570843,0.407786561679455,0.5613883186011117,350.06191231460394
Simulation_000001,Mild Steel,8.604454805570843,0.4325008987509371,0.5613883186011117,350.06191231460394
Simulation_000001,Mild Steel,8.604454805570843,0.4572152358224192,0.5613883186011117,350.06191231460394
Simulation_000001,Mild Steel,8.604454805570843,0.4819295728939013,0.5613883186011117,350.06191231460394
Simulation_000001,Mild Steel,8.604454805570843,0.5066439099653836,0.5613883186011117,350.06191231460394
Simulation_000001,Mild Steel,8.604454805570843,0.5313582470368656,0.5613883186011117,350.06191231460394
Simulation_000001,Mild Steel,8.604454805570843,0.5560725841083478,0.5613883186011117,350.06191231460394
Simulation_000001,Mild Steel,8.604454805570843,0.5807869211798299,0.5613883186011117,350.06191231460394
Simulation_000001,Mild Steel,8.604454805570843,0.605501258251312,0.5613883186011117,350.06191231460394
Simulation_000001,Mild Steel,8.604454805570843,0.6302155953227941,0.5613883186011117,350.06191231460394
Simulation_000001,Mild Steel,8.604454805570843,0.6549299323942762,0.5613883186011117,350.06191231460394
Simulation_000001,Mild Steel,8.604454805570843,0.6796442694657584,0.5613883186011117,349.58905488245256
Simulation_000001,Mild Steel,8.604454805570843,0.012357168535741,0.584302127523606,364.7464624336586
Simulation_000001,Mild Steel,8.604454805570843,0.0370715056072231,0.584302127523606,350.06191231460394
Simulation_000001,Mild Steel,8.604454805570843,0.0617858426787053,0.584302127523606,350.06191231460394
Simulation_000001,Mild Steel,8.604454805570843,0.0865001797501874,0.584302127523606,350.06191231460394
Simulation_000001,Mild Steel,8.604454805570843,0.1112145168216695,0.584302127523606,350.06191231460394
Simulation_000001,Mild Steel,8.604454805570843,0.1359288538931516,0.584302127523606,350.06191231460394
Simulation_000001,Mild Steel,8.604454805570843,0.1606431909646337,0.584302127523606,350.06191231460394
Simulation_000001,Mild Steel,8.604454805570843,0.1853575280361159,0.584302127523606,350.06191231460394
Simulation_000001,Mild Steel,8.604454805570843,0.210071865107598,0.584302127523606,350.06191231460394
Simulation_000001,Mild Steel,8.604454805570843,0.2347862021790801,0.584302127523606,350.06191231460394
Simulation_000001,Mild Steel,8.604454805570843,0.2595005392505622,0.584302127523606,350.06191231460394
Simulation_000001,Mild Steel,8.604454805570843,0.2842148763220444,0.584302127523606,350.06191231460394
Simulation_000001,Mild Steel,8.604454805570843,0.3089292133935264,0.584302127523606,350.06191231460394
Simulation_000001,Mild Steel,8.604454805570843,0.3336435504650086,0.584302127523606,350.06191231460394
Simulation_000001,Mild Steel,8.604454805570843,0.3583578875364907,0.584302127523606,350.06191231460394
Simulation_000001,Mild Steel,8.604454805570843,0.3830722246079728,0.584302127523606,350.06191231460394
Simulation_000001,Mild Steel,8.604454805570843,0.407786561679455,0.584302127523606,350.06191231460394
Simulation_000001,Mild Steel,8.604454805570843,0.4325008987509371,0.584302127523606,350.06191231460394
Simulation_000001,Mild Steel,8.604454805570843,0.4572152358224192,0.584302127523606,350.06191231460394
Simulation_000001,Mild Steel,8.604454805570843,0.4819295728939013,0.584302127523606,350.06191231460394
Simulation_000001,Mild Steel,8.604454805570843,0.5066439099653836,0.584302127523606,350.06191231460394
Simulation_000001,Mild Steel,8.604454805570843,0.5313582470368656,0.584302127523606,350.06191231460394
Simulation_000001,Mild Steel,8.604454805570843,0.5560725841083478,0.584302127523606,350.06191231460394
Simulation_000001,Mild Steel,8.604454805570843,0.5807869211798299,0.584302127523606,350.06191231460394
Simulation_000001,Mild Steel,8.604454805570843,0.605501258251312,0.584302127523606,350.06191231460394
Simulation_000001,Mild Steel,8.604454805570843,0.6302155953227941,0.584302127523606,350.06191231460394
Simulation_000001,Mild Steel,8.604454805570843,0.6549299323942762,0.584302127523606,350.06191231460394
Simulation_000001,Mild Steel,8.604454805570843,0.6796442694657584,0.584302127523606,349.58905488245256
Simulation_000001,Mild Steel,8.604454805570843,0.012357168535741,0.6072159364461004,364.7464624336586
Simulation_000001,Mild Steel,8.604454805570843,0.0370715056072231,0.6072159364461004,350.06191231460394
Simulation_000001,Mild Steel,8.604454805570843,0.0617858426787053,0.6072159364461004,350.06191231460394
Simulation_000001,Mild Steel,8.604454805570843,0.0865001797501874,0.6072159364461004,350.06191231460394
Simulation_000001,Mild Steel,8.604454805570843,0.1112145168216695,0.6072159364461004,350.06191231460394
Simulation_000001,Mild Steel,8.604454805570843,0.1359288538931516,0.6072159364461004,350.06191231460394
Simulation_000001,Mild Steel,8.604454805570843,0.1606431909646337,0.6072159364461004,350.06191231460394
Simulation_000001,Mild Steel,8.604454805570843,0.1853575280361159,0.6072159364461004,350.06191231460394
Simulation_000001,Mild Steel,8.604454805570843,0.210071865107598,0.6072159364461004,350.06191231460394
Simulation_000001,Mild Steel,8.604454805570843,0.2347862021790801,0.6072159364461004,350.06191231460394
Simulation_000001,Mild Steel,8.604454805570843,0.2595005392505622,0.6072159364461004,350.06191231460394
Simulation_000001,Mild Steel,8.604454805570843,0.2842148763220444,0.6072159364461004,350.06191231460394
Simulation_000001,Mild Steel,8.604454805570843,0.3089292133935264,0.6072159364461004,350.06191231460394
Simulation_000001,Mild Steel,8.604454805570843,0.3336435504650086,0.6072159364461004,350.06191231460394
Simulation_000001,Mild Steel,8.604454805570843,0.3583578875364907,0.6072159364461004,350.06191231460394
Simulation_000001,Mild Steel,8.604454805570843,0.3830722246079728,0.6072159364461004,350.06191231460394
Simulation_000001,Mild Steel,8.604454805570843,0.407786561679455,0.6072159364461004,350.06191231460394
Simulation_000001,Mild Steel,8.604454805570843,0.4325008987509371,0.6072159364461004,350.06191231460394
Simulation_000001,Mild Steel,8.604454805570843,0.4572152358224192,0.6072159364461004,350.06191231460394
Simulation_000001,Mild Steel,8.604454805570843,0.4819295728939013,0.6072159364461004,350.06191231460394
Simulation_000001,Mild Steel,8.604454805570843,0.5066439099653836,0.6072159364461004,350.06191231460394
Simulation_000001,Mild Steel,8.604454805570843,0.5313582470368656,0.6072159364461004,350.06191231460394
Simulation_000001,Mild Steel,8.604454805570843,0.5560725841083478,0.6072159364461004,350.06191231460394
Simulation_000001,Mild Steel,8.604454805570843,0.5807869211798299,0.6072159364461004,350.06191231460394
Simulation_000001,Mild Steel,8.604454805570843,0.605501258251312,0.6072159364461004,350.06191231460394
Simulation_000001,Mild Steel,8.604454805570843,0.6302155953227941,0.6072159364461004,350.06191231460394
Simulation_000001,Mild Steel,8.604454805570843,0.6549299323942762,0.6072159364461004,350.06191231460394
Simulation_000001,Mild Steel,8.604454805570843,0.6796442694657584,0.6072159364461004,349.58905488245256
Simulation_000001,Mild Steel,8.604454805570843,0.012357168535741,0.6301297453685948,364.2020919093866
Simulation_000001,Mild Steel,8.604454805570843,0.0370715056072231,0.6301297453685948,349.5175417903319
Simulation_000001,Mild Steel,8.604454805570843,0.0617858426787053,0.6301297453685948,349.5175417903319
Simulation_000001,Mild Steel,8.604454805570843,0.0865001797501874,0.6301297453685948,349.5175417903319
Simulation_000001,Mild Steel,8.604454805570843,0.1112145168216695,0.6301297453685948,349.5175417903319
Simulation_000001,Mild Steel,8.604454805570843,0.1359288538931516,0.6301297453685948,349.5175417903319
Simulation_000001,Mild Steel,8.604454805570843,0.1606431909646337,0.6301297453685948,349.5175417903319
Simulation_000001,Mild Steel,8.604454805570843,0.1853575280361159,0.6301297453685948,349.5175417903319
Simulation_000001,Mild Steel,8.604454805570843,0.210071865107598,0.6301297453685948,349.5175417903319
Simulation_000001,Mild Steel,8.604454805570843,0.2347862021790801,0.6301297453685948,349.5175417903319
Simulation_000001,Mild Steel,8.604454805570843,0.2595005392505622,0.6301297453685948,349.5175417903319
Simulation_000001,Mild Steel,8.604454805570843,0.2842148763220444,0.6301297453685948,349.5175417903319
Simulation_000001,Mild Steel,8.604454805570843,0.3089292133935264,0.6301297453685948,349.5175417903319
Simulation_000001,Mild Steel,8.604454805570843,0.3336435504650086,0.6301297453685948,349.5175417903319
Simulation_000001,Mild Steel,8.604454805570843,0.3583578875364907,0.6301297453685948,349.5175417903319
Simulation_000001,Mild Steel,8.604454805570843,0.3830722246079728,0.6301297453685948,349.5175417903319
Simulation_000001,Mild Steel,8.604454805570843,0.407786561679455,0.6301297453685948,349.5175417903319
Simulation_000001,Mild Steel,8.604454805570843,0.4325008987509371,0.6301297453685948,349.5175417903319
Simulation_000001,Mild Steel,8.604454805570843,0.4572152358224192,0.6301297453685948,349.5175417903319
Simulation_000001,Mild Steel,8.604454805570843,0.4819295728939013,0.6301297453685948,349.5175417903319
Simulation_000001,Mild Steel,8.604454805570843,0.5066439099653836,0.6301297453685948,349.5175417903319
Simulation_000001,Mild Steel,8.604454805570843,0.5313582470368656,0.6301297453685948,349.5175417903319
Simulation_000001,Mild Steel,8.604454805570843,0.5560725841083478,0.6301297453685948,349.5175417903319
Simulation_000001,Mild Steel,8.604454805570843,0.5807869211798299,0.6301297453685948,349.5175417903319
Simulation_000001,Mild Steel,8.604454805570843,0.605501258251312,0.6301297453685948,349.5175417903319
Simulation_000001,Mild Steel,8.604454805570843,0.6302155953227941,0.6301297453685948,349.5175417903319
Simulation_000001,Mild Steel,8.604454805570843,0.6549299323942762,0.6301297453685948,349.5175417903319
Simulation_000001,Mild Steel,8.604454805570843,0.6796442694657584,0.6301297453685948,349.0446843581805
